track_id,track_name,artists,album_name,popularity,danceability,energy,key,loudness,mode,speechiness,acousticness,instrumentalness,liveness,valence,tempo,time_signature,genre,mood,energy_valence,energy_minus_valence,dance_energy,acoustic_energy,mood_score
spotify:track:3ii7r7exn5vhQYMbQI8788,Mi Gente,"J Balvin, Willy William",Vibras,66.0,0.688,0.603,10.0,-6.469,0.0,0.107,0.091,0.012,0.163,0.785,90.675,4.0,latin,happy,0.473355,-0.18200000000000005,0.41486399999999996,0.036127,0.7013
spotify:track:Mz2tayEqBsCELPEy4ZbZTY,Silver Soul,Alex Page,Soul Sessions,77.0,0.777,0.705,7.0,-2.432,1.0,0.04,0.28,0.03,0.067,0.715,98.629,4.0,pop,happy,0.5040749999999999,-0.010000000000000009,0.547785,0.08260000000000002,0.7305999999999999
spotify:track:e94RNjDxdhfYqK8rcqANkU,Fading Echo,Morgan Blake,Echo Diaries,74.0,0.621,0.665,4.0,-5.007,1.0,0.049,0.251,0.019,0.221,0.676,113.296,4.0,pop,happy,0.44954000000000005,-0.01100000000000001,0.412965,0.084085,0.6562
spotify:track:vkdiivHywnPhaCG6p9ry9R,Animals,Martin Garrix,Gold Skies EP,66.0,0.672,0.944,2.0,-4.01,0.0,0.082,0.033,0.116,0.093,0.789,127.822,4.0,electronic,happy,0.744816,0.15499999999999992,0.634368,0.0018480000000000018,0.8004
spotify:track:JzRmCXCaBlAQPVVWfgZiOJ,Faded,Alan Walker,Different World,62.0,0.686,0.718,11.0,-4.803,0.0,0.088,0.063,0.1365,0.056,0.495,135.856,4.0,electronic,angry,0.35541,0.22299999999999998,0.49254800000000004,0.017766,0.6192
spotify:track:56wWf8HeSFueXLEhxnIFsY,Tennessee Whiskey,Chris Stapleton,Traveller,54.0,0.444,0.501,4.0,-6.657,1.0,0.066,0.139,0.005,0.233,0.423,121.19,4.0,country,relaxed,0.211923,0.07800000000000001,0.222444,0.069361,0.4527
spotify:track:qWxQFaa9LSGUSbsKbbt4ma,Anti-Hero,Taylor Swift,Midnights,80.0,0.742,0.777,9.0,-5.563,1.0,0.076,0.267,0.008,0.056,0.426,128.559,3.0,pop,angry,0.331002,0.35100000000000003,0.576534,0.059541,0.6261
spotify:track:gcpaOETRg00vlVRoP8u26S,Danza Kuduro,"Don Omar, Lucenzo",Meet the Orphans,75.0,0.71,0.784,9.0,-5.473,0.0,0.053,0.179,0.048,0.099,0.814,121.668,4.0,latin,happy,0.638176,-0.029999999999999916,0.55664,0.03866399999999999,0.7737999999999999
spotify:track:4nBve8lWdbPq8yXtBQkJcq,Neon Sky,Alex Chase,Our Sky EP,88.0,0.741,0.834,9.0,-4.166,0.0,0.037,0.084,0.031,0.203,0.422,109.583,4.0,pop,angry,0.351948,0.412,0.6179939999999999,0.013944000000000003,0.6413
spotify:track:SCyaRDcqzYh54tef4Ezn23,Elephant,Tame Impala,Lonerism,57.0,0.544,0.656,7.0,-7.845,1.0,0.088,0.186,0.055,0.163,0.346,100.636,4.0,indie,energetic,0.22697599999999998,0.31000000000000005,0.356864,0.063984,0.4984
spotify:track:ocHeCRXzFRle1XCMLaDShV,Golden Shadow,Drew Lane,Our Shadow Collection,71.0,0.708,0.559,8.0,-2.94,1.0,0.199,0.14,0.03,0.211,0.627,93.646,4.0,hiphop,happy,0.35049300000000005,-0.06799999999999995,0.395772,0.061739999999999996,0.6309
spotify:track:NZuR5J2YAzvoqGjZZLBNlf,Silver Voice,Drew Banks,Your Voice Sessions,63.0,0.738,0.632,8.0,-8.363,0.0,0.199,0.114,0.035,0.181,0.556,89.157,4.0,hiphop,happy,0.35139200000000004,0.07599999999999996,0.466416,0.041952,0.6334
spotify:track:4bJ1bu0RweObsOU3EJXJNZ,Montero,Lil Nas X,Montero,74.0,0.649,0.663,9.0,-5.663,1.0,0.099,0.332,0.001,0.226,0.428,136.645,4.0,pop,energetic,0.283764,0.23500000000000004,0.43028700000000003,0.111884,0.5648
spotify:track:38ur8xQW36TW7I19PhH8wf,Where Is My Mind,Pixies,Surfer Rosa,59.0,0.672,0.71,7.0,-3.679,1.0,0.073,0.133,0.083,0.346,0.663,136.245,4.0,rock,happy,0.47073,0.04699999999999993,0.47712,0.03857000000000001,0.6798000000000001
spotify:track:I3ebSrLLVtRz4iEJSQWAnX,Midnight Shadow,Alex Woods,Our Shadow Collection,77.0,0.622,0.752,5.0,-5.675,1.0,0.077,0.184,0.028,0.3658749999999999,0.696,121.948,4.0,pop,happy,0.523392,0.05600000000000005,0.467744,0.045632,0.6906
spotify:track:JhVihcTLrjOwCuryXpy8eC,Butter,BTS,Butter,74.0,0.701,0.707,10.0,-5.358,0.0,0.077,0.171,0.036,0.132,0.791,138.71,3.0,pop,happy,0.559237,-0.08400000000000007,0.49560699999999996,0.05010300000000001,0.7387999999999999
spotify:track:dv8ytO3K3uaDlH0Evl05Tr,Dark Sky,Skylar Woods,Sky Chronicles,74.0,0.703,0.712,0.0,-3.805,1.0,0.199,0.084,0.032,0.067,0.605,81.765,4.0,hiphop,happy,0.43076,0.10699999999999998,0.500536,0.024192000000000005,0.6665
spotify:track:1wtfsYdR40VKP47QazNhWE,Smoky Room,Harlem Sessions Trio,Late Night,45.0,0.511,0.3321249999999998,3.0,-11.888625,0.0,0.078,0.494125,0.1365,0.291,0.617,119.198,4.0,jazz,chill,0.20492112499999987,-0.2848750000000002,0.1697158749999999,0.3300137343750001,0.49973749999999995
spotify:track:5LDQCHYzHigAmQ1L6e5fXv,Midnight City,M83,"Hurry Up, We're Dreaming",62.0,0.769,0.669,9.0,-6.607,1.0,0.079,0.05,0.1365,0.076,0.471,122.181,4.0,electronic,energetic,0.315099,0.19800000000000006,0.5144610000000001,0.01655,0.6198
spotify:track:8csaXOcJL2vBom63OEkbp2,Better Days,Nova Lane,Horizon,81.0,0.623,0.515,11.0,-3.474,1.0,0.1,0.066,0.05,0.097,0.598,121.988,4.0,pop,relaxed,0.30797,-0.08299999999999996,0.320845,0.032010000000000004,0.5806
spotify:track:1mXfVl2Lqem4YnM6lTOL5d,Drunk in Love,"Beyoncé, Jay-Z",Beyoncé,66.0,0.788,0.461,2.0,-7.071,0.0,0.164,0.0,0.008,0.212,0.461,81.912,4.0,rnb,relaxed,0.21252100000000002,0.0,0.36326800000000004,0.0,0.5590999999999999
spotify:track:3Zde6VrBRLVON4Vl0oISs7,Open Star,Skylar Banks,Our Star EP,85.0,0.79,0.796,1.0,-3.504,1.0,0.09,0.0,0.01,0.171,0.68,109.123,5.0,pop,happy,0.5412800000000001,0.11599999999999999,0.6288400000000001,0.0,0.7478
spotify:track:7RwUrnvJi1otuwKeFVhx7T,Karma Police,Radiohead,OK Computer,64.0,0.407,0.6835,7.0,-4.269,1.0,0.068,0.154,0.03,0.307,0.341,124.364,4.0,rock,energetic,0.23307350000000002,0.34249999999999997,0.2781845,0.048741,0.46355
spotify:track:xilzyVEZt53dIsGeNVdw2O,Fire Heart,Alex Cross,Heart Collection,87.0,0.882,0.775,6.0,-8.635,0.0,0.199,0.107,0.017,0.135,0.632,91.575,4.0,hiphop,happy,0.4898,0.14300000000000002,0.68355,0.024074999999999996,0.7499
spotify:track:mBiJncZ3nKNi9OlUp4o3go,Dog Days Are Over,Florence + The Machine,Lungs,52.0,0.535,0.356,11.0,-11.888625,1.0,0.051,0.139,0.066,0.296,0.668,105.659,4.0,indie,happy,0.237808,-0.31200000000000006,0.19046,0.08951600000000001,0.5345000000000001
spotify:track:54lOTkbSoCO4PQgC7bYa7x,Crystal Soul,Casey Voss,The Soul Collection,101.0,0.604,0.856,8.0,-3.387,1.0,0.07,0.104,0.087,0.21,0.645,147.28,4.0,rock,happy,0.55212,0.21099999999999997,0.5170239999999999,0.014976000000000001,0.696
spotify:track:9fJcHeO6BtzeBLlUSmvoge,Wild Dream,Morgan Page,Your Dream EP,85.0,0.701,0.69,7.0,-7.894,1.0,0.199,0.347,0.044,0.074,0.764,122.026,4.0,pop,happy,0.52716,-0.07400000000000007,0.48368999999999995,0.10757000000000001,0.7229000000000001
spotify:track:t3C0KAgIdCkNtSmzZKgJyp,Black,Pearl Jam,Ten,84.0,0.428,0.924,0.0,-6.776,0.0,0.054,0.081,0.126,0.237,0.654,101.799,4.0,rock,happy,0.604296,0.27,0.395472,0.0061559999999999965,0.6671999999999999
spotify:track:acZxTXLOoWF0fnw5GECMMU,Crystal River,Skylar Chase,A River,91.0,0.731,0.548,6.0,-4.741,1.0,0.054,0.274,0.014,0.119,0.785,130.809,4.0,pop,happy,0.43018000000000006,-0.237,0.400588,0.123848,0.6977
spotify:track:aANRrxjxhWMHpe7TYYHVcK,Rising River,Morgan Woods,River Sessions,92.0,0.2570000000000001,0.61,6.0,-5.76,0.0,0.043,0.148,0.03,0.165,0.5605,100.847,4.0,pop,happy,0.341905,0.04949999999999999,0.15677000000000008,0.05772,0.48430000000000006
spotify:track:kf0J7ELkpOH3PkmZkg5MsO,Bad Guy,Billie Eilish,When We All Fall Asleep,77.0,0.669,0.735,1.0,-3.489,0.0,0.037,0.171,0.05,0.249,0.535,110.809,4.0,pop,energetic,0.393225,0.19999999999999996,0.491715,0.04531500000000001,0.6352
spotify:track:rqCXZwq7DuM11bNnrWktMs,Electric Wave,Jamie Blake,The Wave Chronicles,76.0,0.2570000000000001,0.757,7.0,-6.325,0.0,0.054,0.073,0.042,0.051,0.454,97.032,3.0,pop,angry,0.34367800000000004,0.303,0.19454900000000008,0.017738999999999998,0.4858
spotify:track:j9mhxrDjN5RqLfCYLRAMwo,Crystal Wave,Jamie Woods,Our Wave Sessions,68.0,0.71,0.556,5.0,-6.985,1.0,0.199,0.139,0.024,0.177,0.446,76.912,4.0,hiphop,chill,0.24797600000000003,0.11000000000000004,0.39476,0.061716,0.5582
spotify:track:6DFR9ot51uE87jsrpttHn8,Holy Wars,Megadeth,Rust in Peace,52.0,0.283,0.936,1.0,-4.478,1.0,0.075,0.036,0.1365,0.268,0.16,177.28012499999997,4.0,metal,angry,0.14976,0.776,0.264888,0.002303999999999998,0.42969999999999997
spotify:track:VqYAwlEpmU96utTJcJ1H8Z,No Cap,Flex Monroe,Flex Season,71.0,0.791,0.551,3.0,-8.12,1.0,0.199,0.146,0.004,0.094,0.503,99.975,4.0,hiphop,chill,0.27715300000000004,0.04800000000000004,0.43584100000000003,0.06555399999999999,0.6038000000000001
spotify:track:G5tKSPKatWvR9qnEJH67Ev,Strobe,deadmau5,For Lack of a Better Name,67.0,0.843,0.731,6.0,-4.975,1.0,0.065,0.067,0.1365,0.127,0.5605,138.652,4.0,electronic,energetic,0.40972549999999996,0.17049999999999998,0.6162329999999999,0.018023,0.6963999999999999
spotify:track:yAO3BqXaH4fnpixdXAFSXx,Friends in Low Places,Garth Brooks,No Fences,61.0,0.492,0.749,0.0,-5.677,1.0,0.075,0.471,0.009,0.187,0.456,118.182,4.0,country,angry,0.341544,0.293,0.368508,0.11822099999999999,0.5547
spotify:track:Abt7GWo8tXRoSCHIc584Hn,Rising Night,Alex Ray,A Night Sessions,64.0,0.339,0.854,-4.722,-3.83,0.0,0.046,0.014,0.084,0.069,0.505,153.186,4.0,rock,motivational,0.43127,0.349,0.28950600000000004,0.0020440000000000002,0.5599
spotify:track:u7Bwksaq9crY6OZwJxWAhF,Let It Happen,Tame Impala,Currents,101.0,0.627,0.417,5.0,-10.726,1.0,0.09,0.439,0.066,0.073,0.583,108.034,4.0,indie,chill,0.24311099999999997,-0.16599999999999998,0.261459,0.25593699999999997,0.5464
spotify:track:gYoPHteXiQQb9R4eH0c3bF,Flowers,Miley Cyrus,Endless Summer Vacation,86.0,0.755,0.796,11.0,-7.61,0.0,0.079,0.314,0.043,0.192,0.544,112.371,4.0,pop,energetic,0.4330240000000001,0.252,0.6009800000000001,0.06405599999999999,0.6829000000000001
spotify:track:ff2Ct6kqGmZns4sojXNix3,B.Y.O.B.,System of a Down,Mezmerize,60.0,0.416,0.6835,6.0,-1.168,1.0,0.111,0.067,0.1365,0.144,0.5605,152.265,5.0,metal,motivational,0.38310175,0.123,0.284336,0.021205500000000002,0.55405
spotify:track:EbUZF5r1SgZuznwUeYaxCr,Home,Edward Sharpe and the Magnetic Zeros,Up from Below,47.0,0.388,0.398,6.0,-11.663,1.0,0.042,0.494125,0.052,0.117,0.651,90.988,4.0,indie,chill,0.259098,-0.253,0.154424,0.29746324999999996,0.49620000000000003
spotify:track:1JJqkXkdPi6qH2uvVSJAss,Shape of You,Ed Sheeran,Divide,88.0,0.842,0.767,2.0,-4.248,0.0,0.106,0.188,0.01,0.125,0.628,100.321,4.0,pop,happy,0.481676,0.139,0.645814,0.043803999999999996,0.7339
spotify:track:k1onLn25rRlXPQlBcTEAiG,Take Five,Dave Brubeck Quartet,Time Out,45.0,0.35,0.592,9.0,-7.268,0.0,0.058,0.494125,0.1365,0.236,0.5605,135.804,4.0,jazz,happy,0.331816,0.03149999999999997,0.20719999999999997,0.201603,0.5068
spotify:track:lvgmCGEB51UF5Wu7TEmT4b,Static Fire,Voltage Kings,Live Wire,74.0,0.419,0.661,6.0,-7.041,0.0,0.083,0.041,0.018,0.323,0.436,148.14,4.0,rock,energetic,0.288196,0.22500000000000003,0.276959,0.013899,0.4984
spotify:track:ssMQp7Lqy9Ci1irxsuRFWy,Broken Sky,Taylor Page,Our Sky,68.0,0.493,0.651,10.0,-6.956,1.0,0.054,0.099,0.052,0.138,0.631,120.807,4.0,rock,happy,0.410781,0.020000000000000018,0.32094300000000003,0.034551,0.5956
spotify:track:ddvk9WbjbBepVVFWKmp4G5,Dead Planets,Stellar Collapse,Event Horizon,67.0,0.636,0.669,9.0,-3.243,1.0,0.077,0.139,0.1365,0.198,0.585,117.541,5.0,rock,motivational,0.391365,0.08400000000000007,0.42548400000000003,0.046009,0.6255
spotify:track:ApKcjk8cIrL2mrAmXqgSur,Fading Soul,Drew Cross,The Soul Collection,74.0,0.814,0.6835,5.0,-3.952,1.0,0.0,0.057,0.018,0.174,0.425,142.266,4.0,pop,energetic,0.2904875,0.2585,0.556369,0.0180405,0.61925
spotify:track:JqEsj6tser69NchpUj26Ih,Last Nite,The Strokes,Is This It,66.0,0.538,0.71,8.0,-3.727,1.0,0.052,0.033,0.1365,0.234,0.303,136.576,4.0,pop,angry,0.21513,0.407,0.38198,0.009570000000000002,0.49560000000000004
spotify:track:KNkfHssNjyn2k5GJ79vbDK,Thinking Out Loud,Ed Sheeran,X,65.0,0.808,0.6835,5.0,-4.039,1.0,0.089,0.15,0.071,0.133,0.516,88.561,4.0,pop,energetic,0.352686,0.16749999999999998,0.552268,0.047474999999999996,0.65385
spotify:track:vfxbbSKeUUtphVk7xTsmLH,Afraid,The Neighbourhood,#000000 & #FFFFFF,101.0,0.666,0.687,0.0,-8.575,0.0,0.05,0.168,0.085,0.273,0.735,134.683,4.0,indie,happy,0.504945,-0.04799999999999993,0.45754200000000006,0.05258399999999999,0.6999
spotify:track:iS2Tb9F1fY69M0NBtVlJ1g,Fix You,Coldplay,X&Y,76.0,0.58,0.727,6.0,-4.815,0.0,0.052,0.029,0.025,0.24,0.404,156.83,4.0,rock,angry,0.293708,0.32299999999999995,0.42166,0.007917,0.5537000000000001
spotify:track:6tEYLvsWwdNAWmiw7eT2My,Electric Shadow,Drew Woods,The Shadow Diaries,74.0,0.557,0.6835,4.0,-6.305,0.0,0.077,0.09,0.123,0.053,0.388,147.931,4.0,rock,energetic,0.265198,0.2955,0.38070950000000003,0.028485,0.52735
spotify:track:03h8FWrmff9k33FbBzfkRp,Swan Lake,Pyotr Tchaikovsky,Swan Lake Ballet,45.0,0.2570000000000001,0.469,5.0,-11.888625,0.0,0.038,0.494125,0.1365,0.092,0.142,98.263,4.0,classical,sad,0.06659799999999999,0.32699999999999996,0.12053300000000004,0.262380375,0.2746
spotify:track:x9LbYvcVjgmoaOnMnj4qMl,Dakiti,"Bad Bunny, Jhay Cortez",El Último Tour Del Mundo,71.0,0.82,0.676,2.0,-4.438,0.0,0.12,0.182,0.027,0.163,0.624,91.235,4.0,latin,happy,0.42182400000000003,0.052000000000000046,0.55432,0.05896799999999999,0.6984
spotify:track:l3tlBOp1kBvyjvKgbR9by8,Mood,"24kGoldn, iann dior",El Dorado,71.0,0.691,0.643,8.0,-7.035,0.0,0.067,0.184,0.1365,0.13,0.544,100.23,4.0,pop,energetic,0.34979200000000005,0.09899999999999998,0.44431299999999996,0.065688,0.6177999999999999
spotify:track:plqkwKcj5FSWXEaiSIrRgg,Distant Dream,Drew Rivers,The Dream Collection,85.0,0.769,0.72,5.0,-3.868,1.0,0.114,0.139,0.014,0.172,0.844,119.183,4.0,pop,happy,0.60768,-0.124,0.55368,0.03892000000000001,0.7843
spotify:track:xgJ3I5TYm0kffeidBUGZT3,Midnight Rain,Taylor Swift,Midnights,74.0,0.812,0.72,7.0,-4.066,0.0,0.117,0.211,0.03,0.163,0.669,108.277,4.0,pop,happy,0.48168,0.050999999999999934,0.58464,0.05908,0.7272000000000001
spotify:track:3dI6APiT5m7DZIyvy6PwoY,Seven Nation Army,The White Stripes,Elephant,67.0,0.368,0.892,2.0,-6.343,0.0,0.084,0.033,0.03,0.333,0.332,157.801,4.0,rock,angry,0.296144,0.56,0.328256,0.0035639999999999995,0.5107999999999999
spotify:track:cNzHeAVzDI2wf7i7sIta4S,Golden Storm,Taylor Cross,Your Storm EP,79.0,0.758,0.848,2.0,-4.821,0.0,0.152,0.071,0.035,0.0,0.702,102.606,4.0,hiphop,happy,0.5952959999999999,0.14600000000000002,0.642784,0.010792000000000001,0.7626
spotify:track:T5NB63wB95aWKOeDlDs7a1,Symphony No. 5,Ludwig van Beethoven,Beethoven Symphonies,45.0,0.2570000000000001,0.3321249999999998,10.0,-11.888625,0.0,0.057,0.494125,0.1365,0.226,0.176,79.698,4.0,classical,sad,0.05845399999999996,0.1561249999999998,0.08535612499999998,0.3300137343750001,0.24713749999999998
spotify:track:iq0RR7LlfSZP0gnMthh9Sk,Fire and Rain,James Taylor,Sweet Baby James,45.0,0.258,0.3321249999999998,1.0,-10.045,0.0,0.066,0.494125,0.001,0.34,0.254,113.759,4.0,folk,sad,0.08435974999999994,0.07812499999999978,0.08568824999999995,0.3300137343750001,0.2786375
spotify:track:VlNtHch6JNj9wDyw8NNBva,Gold Rush,Tre Vibe,All Gold Everything EP,73.0,0.718,0.608,4.0,-8.428,0.0,0.199,0.073,0.017,0.093,0.364,83.217,12.45,hiphop,energetic,0.22131199999999998,0.244,0.436544,0.028616,0.5433999999999999
spotify:track:Pl9x8fGlU5Jc7ACp191EZQ,Distant Soul,Jordan Banks,Soul,78.0,0.917,0.6835,6.0,-8.581,1.0,0.199,0.126,0.029,0.058,1.0,99.833,4.0,hiphop,happy,0.6835,-0.3165,0.6267695,0.039879,0.88015
spotify:track:NCAIZMx2aj9N9KCtwN4KpH,Rising Storm,Taylor Woods,Our Storm EP,70.0,0.634,0.69,11.0,-3.114,1.0,0.05,0.136,0.079,0.25,0.5605,153.35,4.0,rock,motivational,0.38674499999999995,0.12949999999999995,0.43745999999999996,0.04216000000000001,0.6214000000000001
spotify:track:Kzqj4kStjEDvVyZ11OolAw,Dark Heart,Morgan Cole,The Heart Diaries,76.0,0.712,0.552,8.0,-7.697,0.0,0.096,0.494125,0.022,0.169,0.5605,106.04,4.0,pop,happy,0.309396,-0.008499999999999952,0.39302400000000004,0.22136799999999998,0.6034
spotify:track:FlUXSYF348jKXISeDaaeEP,Electric River,Skylar Ray,River Collection,75.0,0.609,0.537,10.0,-6.007,0.0,0.086,0.285,0.016,0.117,0.537,142.441,4.0,pop,relaxed,0.28836900000000004,0.0,0.327033,0.131955,0.5586
spotify:track:S90GXWSrBzYA1w84uz3wOx,Glass Animals - Heat Waves,Glass Animals,Dreamland,73.0,0.616,0.567,0.0,-3.395,1.0,0.091,0.065,0.005,0.175,0.513,132.779,4.0,pop,chill,0.290871,0.05399999999999994,0.34927199999999997,0.028145000000000003,0.5600999999999999
spotify:track:L64ZOtItkKWoC2PhD9poBq,Dark Storm,Riley Stone,Storm Diaries,77.0,0.692,0.554,2.0,-6.193,1.0,0.09,0.239,0.013,0.171,0.713,126.516,12.331,pop,happy,0.395002,-0.15899999999999992,0.383368,0.10659399999999998,0.659
spotify:track:qTUnC6gPnM31NHnUKRHwAC,Lost River,Jamie Banks,River Chronicles,82.0,0.661,0.531,10.0,-4.288,0.0,0.114,0.349,0.031,0.062,0.471,99.57,4.0,pop,relaxed,0.250101,0.06000000000000005,0.35099100000000005,0.163681,0.546
spotify:track:IssGlL5YcwsGZ5zkvbo7Ie,Broken River,Alex Cole,Your River Collection,81.0,0.695,0.678,5.0,-4.529,1.0,0.079,0.062,0.019,0.17,0.815,103.86,4.0,pop,happy,0.55257,-0.1369999999999999,0.47121,0.019963999999999996,0.7379
spotify:track:eYpxs058h4kpFa1LQUcU2R,Leave The Door Open,"Bruno Mars, Anderson Paak",An Evening with Silk Sonic,74.0,0.835,0.648,10.0,-3.506,0.0,0.079,0.334,0.011,0.064,0.776,118.515,4.0,pop,happy,0.5028480000000001,-0.128,0.54108,0.117568,0.7553000000000001
spotify:track:xj9AsyEHLCVoPSldHEPhet,Neon Shadow,Chris Ray,Our Shadow Diaries,84.0,0.861,0.647,11.0,-7.127,1.0,0.199,0.08,0.002,0.23,0.594,90.805,4.0,hiphop,happy,0.384318,0.05300000000000005,0.557067,0.028239999999999998,0.69
spotify:track:SzE9oBZXdnrF0nU8834O3q,City Lights,The Neons,Downtown EP,82.0,0.72,0.595,0.0,-6.318,0.0,0.079,0.237,0.009,0.22,0.816,129.221,4.0,pop,happy,0.48551999999999995,-0.22099999999999997,0.42839999999999995,0.095985,0.7209
spotify:track:yHe9ZVza8U5cXiKbRoqnr6,On Sight,Remy Blaze,Street Gospel,76.0,0.895,0.583,9.0,-8.373,0.0,0.105,0.141,0.004,0.2,0.339,100.117,4.0,hiphop,chill,0.197637,0.24399999999999994,0.5217849999999999,0.058797,0.579
spotify:track:TvefeTB6f7NVDe2odh0a2t,Creepin,"Metro Boomin, The Weeknd",Heroes & Villains,66.0,0.779,0.628,4.0,-6.832,0.0,0.08,0.0,0.025,0.203,0.58,123.514,4.0,pop,happy,0.36423999999999995,0.04800000000000004,0.48921200000000004,0.0,0.6541
spotify:track:scPyYlj6amy1oznvupv0Fg,King of Anything,Sara Bareilles,Kaleidoscope Heart,62.0,0.398,0.64,4.0,-7.45,0.0,0.039,0.383,0.029,0.248,0.561,125.023,5.0,indie,happy,0.35904,0.07899999999999996,0.25472,0.13788,0.5358
spotify:track:obIuA2rGRIaUBp678HeeqH,Nonstop,Drake,Scorpion,73.0,0.853,0.808,2.0,-3.807,0.0,0.199,0.028,0.038,0.209,0.48,96.78,4.0,hiphop,angry,0.38784,0.32800000000000007,0.6892240000000001,0.005375999999999999,0.6902999999999999
spotify:track:8kdXHLWxD0RiQw5qM3jAUm,Crystal Wave,Riley Cross,A Wave Chronicles,68.0,0.516,0.8,6.0,-2.955,0.0,0.039,0.139,0.048,0.163,0.42,133.157,4.0,rock,angry,0.336,0.38000000000000006,0.41280000000000006,0.027799999999999995,0.5628
spotify:track:4Mm2SqJD3dAXhq3GvNJGOy,Rockabye,"Clean Bandit, Sean Paul, Anne-Marie",Rather Be,64.0,0.685,0.6835,7.0,-1.3,0.0,0.095,0.072,0.1365,0.198,0.6,136.283,4.0,electronic,happy,0.41009999999999996,0.08350000000000002,0.46819750000000004,0.022788,0.65055
spotify:track:H4PhvHSSNtjNS5nzCcmeWm,Mob Ties,Drake,Scorpion,85.0,0.739,0.667,8.0,-11.888625,0.0,0.199,0.024,0.03,0.067,0.302,101.706,4.0,hiphop,energetic,0.201434,0.36500000000000005,0.49291300000000005,0.007991999999999999,0.5426
spotify:track:Z5x0pNcrCD2J9HsRUTOdZ5,Rising Star,Casey Banks,Star Diaries,64.0,0.672,0.673,4.0,-7.061,1.0,0.041,0.139,0.1365,0.306,0.513,102.03,4.0,rock,energetic,0.34524900000000003,0.16000000000000003,0.45225600000000005,0.045453,0.6087
spotify:track:AGA81MoobmwLScdBKJr7d1,Fading Dream,Chris Chase,Dream EP,70.0,0.565,0.503,4.0,-2.123,0.0,0.106,0.263,0.03,0.163,0.684,130.655,4.0,pop,happy,0.344052,-0.18100000000000005,0.284195,0.130711,0.594
spotify:track:Y0L0Oc8IWs9QX5R97okP36,Despacito,"Luis Fonsi, Daddy Yankee",Vida,80.0,0.87,0.649,3.0,-5.677,0.0,0.046,0.179,0.018,0.204,0.627,102.358,5.0,latin,happy,0.40692300000000003,0.02200000000000002,0.56463,0.062829,0.7065
spotify:track:FkkaKC7Op2x2IWgEccBkAb,Paranoid,Black Sabbath,Paranoid,45.0,0.2570000000000001,0.865,9.0,-2.797,0.0,0.054,0.043,0.1365,0.107,0.5605,169.959,3.0,metal,motivational,0.4848325,0.3045,0.22230500000000009,0.005805,0.5608000000000001
spotify:track:nZVoUkr0bSIwKQe8vCVcK5,Distant Soul,Morgan Blake,A Soul,88.0,0.758,0.733,8.0,-7.753,0.0,0.058,0.062,0.013,0.087,0.469,106.895,4.0,pop,energetic,0.343777,0.264,0.5556139999999999,0.016554,0.6349
spotify:track:5jekciyK7EGyvXeoFy34nA,Midnight Star,Sam Ray,Star Diaries,75.0,0.667,0.702,6.0,-6.1,1.0,0.081,0.321,0.015,0.239,0.488,129.076,5.0,pop,angry,0.342576,0.21399999999999997,0.468234,0.09565800000000002,0.6059
spotify:track:MGSpsZtpowhBi36TrI1XkD,No Air,"Jordan Sparks, Chris Brown",Jordan Sparks,68.0,0.816,0.648,3.0,-5.677,1.0,0.08,0.213,0.019,0.058,0.591,118.753,3.0,rnb,happy,0.382968,0.05700000000000005,0.528768,0.07497599999999999,0.6756
spotify:track:aZUbKy5T1ebhBb7v7LflaP,Summertime,"Ella Fitzgerald, Louis Armstrong",Porgy and Bess,45.0,0.574,0.3321249999999998,1.0,-11.888625,1.0,0.074,0.494125,0.1365,0.165,0.482,105.501,4.0,jazz,chill,0.1600842499999999,-0.1498750000000002,0.19063974999999986,0.3300137343750001,0.4646374999999999
spotify:track:uNwEngMwV7oJGPKJvE6mci,Heartbreak Anniversary,Giveon,When It's All Said and Done,80.0,0.724,0.738,7.0,-2.081,1.0,0.059,0.34,0.016,0.138,0.797,127.15,4.0,pop,happy,0.588186,-0.05900000000000005,0.534312,0.08908,0.7574
spotify:track:DJJyhd5nB0xaywYKmdkr8u,Levels,Avicii,True,65.0,0.867,0.93,3.0,-4.253,0.0,0.053,0.03,0.1365,0.055,0.701,133.051,4.0,electronic,happy,0.65193,0.2290000000000001,0.8063100000000001,0.0020999999999999986,0.8195
spotify:track:ywlsLbz1bLKEDP3dgeGe3U,Moonlight Sonata,Ludwig van Beethoven,Piano Sonatas,45.0,0.274,0.351,6.0,-11.888625,0.0,0.054,0.494125,0.03,0.3658749999999999,0.649,77.012,4.0,classical,chill,0.227799,-0.29800000000000004,0.096174,0.320687125,0.4471
spotify:track:UHOie9wvvi302lGD6x7u8w,Fading Night,Jordan Cole,The Night Collection,88.0,0.582,0.72,1.0,-7.058,0.0,0.056,0.166,0.025,0.197,0.792,140.549,4.0,pop,happy,0.57024,-0.07200000000000006,0.41903999999999997,0.04648000000000001,0.7074
spotify:track:Mfld0trgi9dX7chhp1qxQe,Lavender Haze,Taylor Swift,Midnights,82.0,0.837,0.598,7.0,-2.106,1.0,0.099,0.253,0.035,0.148,0.534,142.074,4.0,pop,chill,0.319332,0.06399999999999995,0.5005259999999999,0.101706,0.6441
spotify:track:8Ql5InaxxzD9Xj972UhRUE,Don't Stop Believin',Journey,Escape,60.0,0.326,0.632,10.0,-7.051,0.0,0.061,0.172,0.086,0.191,0.551,106.74,4.0,rock,happy,0.34823200000000004,0.08099999999999996,0.20603200000000002,0.06329599999999999,0.5078
spotify:track:EglRSl1Tcv1g26nmDWnQ3b,Breathe (2 AM),Anna Nalick,Wreck of the Day,51.0,0.548,0.495,2.0,-4.917,1.0,0.074,0.481,0.041,0.1,0.326,141.861,3.0,indie,sad,0.16137,0.16899999999999998,0.27126,0.24290499999999998,0.4433
spotify:track:ZG7mBEHbec4CuQOviyirrr,Air on the G String,Johann Sebastian Bach,Orchestral Suites,45.0,0.272,0.3321249999999998,9.0,-11.888625,1.0,0.035,0.494125,0.1365,0.077,0.501,109.541,4.0,classical,chill,0.16639462499999988,-0.16887500000000022,0.09033799999999995,0.3300137343750001,0.38163749999999996
spotify:track:yBiRJ3oFX7lmOOJ84UhMIh,Lost Dream,Sam Chase,Dream Chronicles,87.0,0.679,0.818,2.0,-4.611,1.0,0.044,0.042,0.027,0.194,0.747,127.812,4.0,pop,happy,0.611046,0.07099999999999995,0.555422,0.007644000000000002,0.7479
spotify:track:LNTj6V65VMnYJSDLMob2EP,Fluorescent Adolescent,Arctic Monkeys,Suck It and See,67.0,0.485,0.795,6.0,-7.66,1.0,0.071,0.088,0.08,0.236,0.365,157.851,4.0,rock,energetic,0.290175,0.43000000000000005,0.385575,0.018039999999999997,0.5299999999999999
spotify:track:r2LJyBCh76yTSVLg3el956,Use Somebody,Kings of Leon,Only by the Night,81.0,0.625,0.792,7.0,-7.302,0.0,0.063,0.074,0.055,0.122,0.475,126.876,4.0,rock,motivational,0.3762,0.31700000000000006,0.495,0.015391999999999996,0.6151
spotify:track:mYrbpNnH3eLU6Pq5YhRjGH,R U Mine?,Arctic Monkeys,AM,71.0,0.588,0.909,3.0,-5.012,0.0,0.038,0.199,0.07,0.083,0.728,133.285,4.0,rock,happy,0.661752,0.18100000000000005,0.534492,0.018108999999999997,0.7403000000000001
spotify:track:aKqzcFqG1xATjXce7YvSQn,Fading Night,Jamie Cole,Our Night EP,80.0,0.672,0.829,0.0,-7.748,1.0,0.199,0.116,0.035,0.163,0.737,78.35,5.0,hiphop,happy,0.610973,0.09199999999999997,0.557088,0.019836000000000006,0.7451
spotify:track:NqJRu0zCTfqQ0jnNS7DyJs,Big Rings,"Drake, Future",What a Time,73.0,0.879,0.858,10.0,-2.538,0.0,0.199,0.13,0.029,0.11,0.401,113.759,5.0,hiphop,angry,0.34405800000000003,0.45699999999999996,0.754182,0.018460000000000004,0.6815
spotify:track:z1q4JJqyOm3lKR0qzwNVIa,Taki Taki,"DJ Snake, Selena Gomez, Ozuna, Cardi B",Carte Blanche,72.0,0.674,0.666,7.0,-2.463,0.0,0.101,0.149,0.041,0.128,0.514,105.884,4.0,latin,energetic,0.342324,0.15200000000000002,0.44888400000000006,0.04976599999999999,0.6076
spotify:track:TlYrc07HXmBCAGUqbKL3W3,Golden Shadow,Quinn Rivers,Our Shadow Sessions,77.0,0.68,0.3321249999999998,7.0,-4.711,0.0,0.199,0.048,0.007,0.078,0.334,84.88,4.0,hiphop,sad,0.11092974999999994,-0.0018750000000002376,0.22584499999999988,0.03205800000000001,0.43723749999999995
spotify:track:8lJiCKU21KIvDTt7RL37Av,Golden Storm,Jamie Ray,Storm Sessions,77.0,0.732,0.673,4.0,-5.278,0.0,0.07,0.218,0.0,0.226,0.498,127.974,3.0,pop,energetic,0.335154,0.17500000000000004,0.492636,0.07128599999999999,0.6207
spotify:track:00XFkFoFJ3pkxla4JtY6p0,So What,Miles Davis,Kind of Blue,45.0,0.533,0.3321249999999998,5.0,-8.726,1.0,0.048,0.494125,0.1365,0.21,0.319,103.371,3.0,jazz,sad,0.10594787499999993,0.013124999999999776,0.1770226249999999,0.3300137343750001,0.38713749999999997
spotify:track:EOGRnWWMQ6olKtKX9niq0w,Levitating,Dua Lipa,Future Nostalgia,75.0,0.619,0.511,6.0,-5.677,1.0,0.115,0.309,0.016,0.181,0.542,177.28012499999997,4.0,pop,relaxed,0.27696200000000004,-0.031000000000000028,0.316309,0.15110099999999999,0.5558
spotify:track:jrAw7Ze9J2Ol74sZvnsxXA,Wild Night,Casey Cross,A Night Chronicles,62.0,0.416,0.831,6.0,-4.815,1.0,0.083,0.199,0.092,0.234,0.631,113.759,4.0,rock,happy,0.524361,0.19999999999999996,0.34569599999999995,0.03363100000000001,0.6265000000000001
spotify:track:NuNVQqRDVegHsqhSmx6y6E,Fire Shadow,Jamie Stone,The Shadow EP,83.0,0.819,0.601,10.0,-6.344,0.0,0.093,0.184,0.044,0.154,0.83,100.468,4.0,pop,happy,0.49882999999999994,-0.22899999999999998,0.49221899999999996,0.07341600000000001,0.758
spotify:track:e2MLcKZvsdG1zBKEfgYaHr,Electric River,Morgan Stone,Our River Diaries,78.0,0.81,0.6835,6.0,-3.829,1.0,0.199,0.073,0.016,0.14,0.747,76.357,4.0,hiphop,happy,0.5105745,-0.0635,0.553635,0.0231045,0.74685
spotify:track:2yS8YVuu1CZOpVqS74BFXZ,Intro,M83,"Hurry Up, We're Dreaming",74.0,1.0,0.737,8.0,-3.969,0.0,0.094,0.062,0.1365,0.105,0.609,139.997,4.0,electronic,happy,0.448833,0.128,0.737,0.016306,0.7646999999999999
spotify:track:Eo46nRmbuqlV9c5JhWInK7,Desert Nights,Iron Wolves,Blood and Thunder,73.0,0.672,0.909,3.0,-3.167,1.0,0.079,0.097,0.107,0.212,0.466,101.256,4.0,rock,angry,0.423594,0.443,0.6108480000000001,0.008826999999999998,0.6607000000000001
spotify:track:IrBkpCKRwmDoAYQ0o1B1oO,Dark Soul,Quinn Stone,Our Soul EP,76.0,0.81,0.686,5.0,-5.252,1.0,0.113,0.027,0.012,0.156,0.484,120.033,4.0,pop,energetic,0.33202400000000004,0.20200000000000007,0.55566,0.008477999999999998,0.6424
spotify:track:KqiCVnXgrZSLhON1IcDZZg,Daydream,Jessa Cole,Floating,74.0,0.667,0.589,6.0,-5.301,0.0,0.063,0.197,0.041,0.06,0.549,98.954,4.0,pop,chill,0.323361,0.039999999999999925,0.392863,0.08096700000000001,0.5964
spotify:track:5DgOvdOVkXuCi8nWQfTHiu,Fly Me to the Moon,Frank Sinatra,It Might as Well Be Swing,45.0,0.476,0.551,5.0,-5.65,1.0,0.033,0.494125,0.1365,0.171,0.463,135.194,4.0,jazz,chill,0.25511300000000003,0.08800000000000002,0.262276,0.22186212499999997,0.4933
spotify:track:4Ztk9yVsqnd6WSKoiSdtsi,Fire Sky,Skylar Lane,The Sky Chronicles,86.0,0.657,0.76,6.0,-6.012,0.0,0.053,0.117,0.043,0.144,0.538,134.405,4.0,pop,energetic,0.40888,0.22199999999999998,0.49932000000000004,0.02808,0.6403000000000001
spotify:track:9v5dUaW39y6pXDWUGcrs3I,Bad and Boujee,"Migos, Lil Uzi Vert",Culture,82.0,0.813,0.837,6.0,-3.295,1.0,0.199,0.097,0.026,0.145,0.426,95.978,4.0,hiphop,angry,0.356562,0.411,0.6804809999999999,0.015811000000000002,0.6654
spotify:track:qIs9f9lgvbISm6CsqO9l7j,Paper Route,Luca Drip,Stacks & Dreams,78.0,0.918,0.582,7.0,-6.833,1.0,0.199,0.122,0.036,0.15,0.307,97.99,4.0,hiphop,chill,0.17867399999999997,0.27499999999999997,0.534276,0.05099600000000001,0.5728
spotify:track:zMSvcFkxHDth1iYosyDL2x,Don't You Worry Child,Swedish House Mafia,Until One,74.0,0.677,0.665,6.0,-6.555,1.0,0.068,0.007,0.1365,0.064,0.736,132.679,4.0,electronic,happy,0.48944000000000004,-0.07099999999999995,0.4502050000000001,0.002345,0.6970000000000001
spotify:track:tBstrXryhvlVzIbTfj7VNQ,The Night Will Always Win,Manchester Orchestra,Hope,45.0,0.381,0.455,2.0,-7.361,1.0,0.071,0.494125,0.067,0.246,0.594,119.29,4.0,folk,chill,0.27027,-0.13899999999999996,0.173355,0.26929812499999994,0.4884
spotify:track:ojEe9FugSubcJkmjZvuRu9,Dark Shadow,Casey Blake,Your Shadow Collection,76.0,0.906,0.591,6.0,-8.226,1.0,0.187,0.131,0.031,0.247,0.478,81.339,4.0,hiphop,chill,0.28249799999999997,0.11299999999999999,0.535446,0.05357900000000001,0.6403
spotify:track:F8yo9ALI8WqzWjC3UCk9my,Electric Night,Sam Voss,Your Night Sessions,63.0,0.394,0.702,11.0,-4.324,0.0,0.038,0.098,0.128,0.097,0.5605,104.301,4.0,rock,motivational,0.39347099999999996,0.14149999999999996,0.276588,0.029204000000000004,0.5529999999999999
spotify:track:ywGvRGRwqmIUAp8JRH0krW,The Four Seasons: Spring,Antonio Vivaldi,The Four Seasons,45.0,0.39,0.425,9.0,-11.888625,1.0,0.05,0.494125,0.1365,0.19,0.5605,64.621,4.0,classical,chill,0.2382125,-0.1355,0.16575,0.28412187499999997,0.4687
spotify:track:Cl57Nj6IuO8K2Frn2bQPEP,Silver River,Alex Rivers,Your River EP,86.0,0.77,0.839,10.0,-5.728,0.0,0.079,0.053,0.024,0.223,0.798,119.654,4.0,pop,happy,0.6695220000000001,0.040999999999999925,0.64603,0.008533,0.8019
spotify:track:iF5RJW8R3a4xQ0oqDenKoy,Con Calma,"Daddy Yankee, Snow",Con Calma,74.0,0.657,0.725,-4.782,-5.677,1.0,0.064,0.145,0.036,0.165,0.819,125.012,4.0,latin,happy,0.5937749999999999,-0.09399999999999997,0.476325,0.039875,0.7422
spotify:track:rib5CG0lwAeALFo2ZyvqMn,Broken Storm,Riley Cross,A Storm Collection,77.0,0.758,0.709,3.0,-7.472,0.0,0.079,0.119,0.021,0.162,0.723,125.602,4.0,pop,happy,0.5126069999999999,-0.014000000000000012,0.537422,0.034629,0.7293000000000001
spotify:track:vuBvnNMRhvpQJH7iGhiQ6x,Fading Dream,Sam Stone,Our Dream Collection,45.0,0.818,0.689,11.0,-2.58,1.0,0.035,0.147,0.0,0.128,0.423,96.45,4.0,pop,energetic,0.29144699999999996,0.26599999999999996,0.5636019999999999,0.04571700000000001,0.6213
spotify:track:TtOQSFi2otME8DANyLGMkg,Open Light,Morgan Banks,Your Light,69.0,0.692,0.716,3.0,-6.454,0.0,0.199,0.139,0.021,0.206,0.711,81.564,4.0,hiphop,happy,0.509076,0.0050000000000000044,0.49547199999999997,0.03947600000000001,0.7068
spotify:track:X8FFIyEja7OQTxrtTQEMwk,Midnight Road,Sam Ray,Your Road Diaries,90.0,0.672,0.688,11.0,-6.15,0.0,0.054,0.06,0.008,0.187,0.834,105.382,4.0,pop,happy,0.573792,-0.14600000000000002,0.46233599999999997,0.018720000000000004,0.7416
spotify:track:AZdNkF7JDJJMHqrccoDluF,Canon in D,Johann Pachelbel,Baroque Favorites,45.0,0.2570000000000001,0.3321249999999998,8.0,-11.888625,1.0,0.052,0.494125,0.1365,0.189,0.178,72.649,4.0,classical,sad,0.059118249999999956,0.1541249999999998,0.08535612499999998,0.3300137343750001,0.24793749999999995
spotify:track:BycjaYzPXUqS82v3fav7YB,Broken Sky,Morgan Woods,Sky Chronicles,73.0,0.907,0.737,5.0,-3.48,1.0,0.116,0.023,0.032,0.078,0.363,94.902,4.0,hiphop,angry,0.26753099999999996,0.374,0.668459,0.0060490000000000006,0.6384
spotify:track:hSn6RI2D89NHon8U62QI3S,Way 2 Sexy,"Drake, Future, Young Thug",Certified Lover Boy,81.0,0.916,0.757,9.0,-3.887,0.0,0.184,0.046,0.001,0.181,0.305,85.664,4.0,hiphop,angry,0.230885,0.452,0.693412,0.011177999999999999,0.6238999999999999
spotify:track:ABmH0x9ZUinAMRwTfUAqVs,Fading Heart,Sam Cross,Our Heart Diaries,72.0,0.827,0.3321249999999998,7.0,-7.185,1.0,0.044,0.172,0.043,0.0,0.614,96.778,4.0,pop,happy,0.20392474999999985,-0.2818750000000002,0.2746673749999998,0.11487450000000003,0.5933375
spotify:track:j5C4XCMLICxKTjdVmyjcNm,The Scientist,Coldplay,A Rush of Blood to the Head,61.0,0.491,0.641,7.0,-2.457,1.0,0.079,0.18,0.03,0.292,0.426,146.111,4.0,rock,energetic,0.273066,0.21500000000000002,0.314731,0.06462,0.51
spotify:track:UJC4dzvdm4BNJ6lawOHOnm,Golden Hour,JVKE,this is what golden hour feels like,75.0,0.569,0.6835,5.0,-4.208,0.0,0.199,0.257,0.015,0.0,0.625,113.759,4.0,pop,happy,0.4271875,0.058499999999999996,0.38891149999999997,0.0813405,0.6257499999999999
spotify:track:4G63sEMMnA5Mq5AOyz99zX,Do I Wanna Know?,Arctic Monkeys,AM,67.0,0.593,0.616,10.0,-5.677,1.0,0.083,0.09,0.0,0.309,0.364,114.77,4.0,rock,energetic,0.22422399999999998,0.252,0.365288,0.03456,0.5083
spotify:track:8zeURhI0w3vCmzB5Jc9a94,Fire Star,Morgan Blake,Our Star Sessions,74.0,0.746,0.588,10.0,-7.007,1.0,0.066,0.121,0.035,0.097,0.567,140.19,4.0,pop,happy,0.33339599999999997,0.02100000000000002,0.438648,0.049852,0.627
spotify:track:8Y72COYJjxWDkwwSC7YMSv,Chop Suey!,System of a Down,Toxicity,50.0,0.415,0.908,6.0,-5.677,0.0,0.053,0.019,0.1365,0.184,0.238,141.161,3.0,metal,angry,0.216104,0.67,0.37682,0.0017479999999999993,0.4921
spotify:track:txD4pPXnr3qhObA754S6uS,Open Shadow,Sam Ray,Our Shadow,75.0,0.672,0.512,1.0,-2.357,0.0,0.072,0.156,0.042,0.193,0.79,136.16,4.0,pop,happy,0.40448,-0.278,0.34406400000000004,0.076128,0.6712
spotify:track:sFeXctq0OZ9a13x6WAppYg,Rising Road,Jordan Blake,Your Road EP,74.0,0.759,0.842,6.0,-6.988,0.0,0.063,0.086,0.01,0.219,0.734,139.621,4.0,pop,happy,0.618028,0.10799999999999998,0.639078,0.013588000000000001,0.7739
spotify:track:qmR2QeWQ4xw18wJJbx8yHa,Jimmy Cooks,"Drake, 21 Savage","Honestly, Nevermind",81.0,0.846,0.598,9.0,-3.627,1.0,0.199,0.079,0.019,0.245,0.445,78.826,4.0,hiphop,chill,0.26611,0.15299999999999997,0.5059079999999999,0.031758,0.6112
spotify:track:xPzi0N7cJGhWuZUFKd5ET3,Dark Rain,Riley Blake,Your Rain EP,70.0,0.672,0.6835,6.0,-5.081,0.0,0.09,0.186,0.059,0.114,0.467,118.48,4.0,rock,energetic,0.3191945,0.21649999999999997,0.45931200000000005,0.058869,0.59345
spotify:track:ucE84VQ9X3Gck2qxvNG9ll,Somebody That I Used to Know,"Gotye, Kimbra",Making Mirrors,65.0,0.427,0.904,11.0,-2.221,1.0,0.055,0.131,0.13,0.134,0.599,150.203,4.0,rock,motivational,0.541496,0.30500000000000005,0.386008,0.012575999999999997,0.6389
spotify:track:0ASFXAFPQJscBKdgFcw3dT,Tennis Court,Lorde,Pure Heroine,53.0,0.596,0.484,8.0,-8.969,1.0,0.082,0.494125,0.033,0.212,0.582,116.611,4.0,indie,chill,0.281688,-0.09799999999999998,0.288464,0.2549685,0.5568
spotify:track:iXsjZYcAOai3jd9oemWXkL,Jolene,Dolly Parton,Jolene,50.0,0.545,0.429,11.0,0.6723749999999997,1.0,0.047,0.161,0.009,0.169,0.555,107.623,4.0,country,relaxed,0.23809500000000003,-0.12600000000000006,0.233805,0.091931,0.5142
spotify:track:rfqWVc7c4BvFI4wjXm32D0,Midnight Rain,Skylar Rivers,Your Rain Collection,62.0,0.774,0.568,5.0,-4.451,0.0,0.199,0.024,0.012,0.146,0.325,99.897,4.0,hiphop,chill,0.1846,0.24299999999999994,0.43963199999999997,0.010368000000000002,0.5326
spotify:track:RwW5M9LvBt6MxzE0xpISPJ,Dark Night,Riley Stone,Your Night Collection,77.0,0.694,0.64,6.0,-3.85,0.0,0.079,0.281,0.018,0.229,0.628,141.02,3.0,pop,happy,0.40192,0.01200000000000001,0.44416,0.10116,0.6514
spotify:track:b0wwhA7ydj5WqYn7Fh7Ecv,Rising Dream,Sam Cole,The Dream EP,83.0,0.748,0.605,0.0,-3.867,0.0,0.074,0.312,0.022,0.088,0.576,100.338,3.0,pop,happy,0.34847999999999996,0.029000000000000026,0.45254,0.12324,0.6363
spotify:track:XuWpJuaOxZZc0xWBJAx6FT,Lost Sky,Riley Rivers,Your Sky Sessions,76.0,0.748,0.725,6.0,-4.21,1.0,0.094,0.238,0.03,0.109,0.806,97.89,4.0,pop,happy,0.58435,-0.08100000000000007,0.5423,0.06545000000000001,0.7643
spotify:track:j6YZrIVFWr2eLYO9nVugBl,Reptilia,The Strokes,Room on Fire,72.0,1.0,0.621,9.0,-2.218,1.0,0.062,0.011,0.058,0.058,0.468,110.111,4.0,rock,energetic,0.290628,0.15299999999999997,0.621,0.004169,0.6735
spotify:track:spsgPUkzWGszFD3dbWgkgY,Crystal Voice,Jamie Page,Your Voice EP,88.0,0.757,0.832,8.0,-7.023,0.0,0.076,0.18,0.023,0.163,0.729,115.846,4.0,pop,happy,0.606528,0.10299999999999998,0.6298239999999999,0.030240000000000006,0.7683
spotify:track:HRBlofZLCxu2Mjuzp2yWDm,Fading Shadow,Morgan Cross,Shadow Sessions,66.0,0.408,0.676,2.0,-5.002,1.0,0.073,0.147,0.069,0.167,1.0,120.036,4.0,rock,happy,0.676,-0.32399999999999995,0.275808,0.04762799999999999,0.7252
spotify:track:uwOO7w4MqjbvwfZKMl2DdX,Neon Moon,Nightly,Nightly,91.0,0.83,0.749,1.0,-11.888625,0.0,0.044,0.168,0.026,0.216,0.632,101.234,4.0,pop,happy,0.473368,0.11699999999999999,0.62167,0.042168000000000004,0.7265
spotify:track:ZluG47Je7ejPzvbNqfkRjH,Requiem in D minor,Wolfgang Amadeus Mozart,Requiem,45.0,0.283,0.463,3.0,-11.888625,1.0,0.057,0.494125,0.1365,0.095,0.14,117.578,3.0,classical,sad,0.06482,0.323,0.131029,0.26534512499999996,0.2798
spotify:track:kXj7tC4jLlf7byz8FoCr9g,Telepatia,Kali Uchis,Sin Miedo,81.0,0.733,0.627,5.0,-3.353,0.0,0.091,0.037,0.032,0.117,0.813,114.371,4.0,pop,happy,0.509751,-0.18599999999999994,0.45959099999999997,0.013800999999999999,0.7332
spotify:track:HrD6JZkxqLXWBqz8I5HZCQ,Neon Heart,Quinn Page,Heart,76.0,0.723,0.698,3.0,-5.97,1.0,0.077,0.0,0.005,0.182,0.5605,128.492,4.0,pop,energetic,0.391229,0.13749999999999996,0.5046539999999999,0.0,0.6505
spotify:track:6B10MDbMvkH8fjgKM6tW9Z,Under the Bridge,Red Hot Chili Peppers,Blood Sugar Sex Magik,75.0,0.374,0.632,1.0,-4.948,1.0,0.087,0.013,0.057,0.176,0.528,128.679,4.0,rock,energetic,0.333696,0.10399999999999998,0.236368,0.004784,0.513
spotify:track:GRBakmsZaNKIi0WZR2HAoI,Fire Storm,Skylar Voss,A Storm Sessions,74.0,0.591,0.782,7.0,-3.828,1.0,0.114,0.226,0.023,0.135,0.787,113.759,4.0,pop,happy,0.615434,-0.0050000000000000044,0.462162,0.04926799999999999,0.7267
spotify:track:sk5bcYklNvqo9Fqy8ES1C6,Raining Blood,Slayer,Reign in Blood,56.0,0.375,0.982,9.0,-4.883,1.0,0.06,0.097,0.1365,0.154,1.0,177.28012499999997,4.0,metal,happy,0.982,-0.018000000000000016,0.36824999999999997,0.0017460000000000017,0.8070999999999999
spotify:track:rXuKuKb8CaKxeuhYSaS5pg,Fading Shadow,Taylor Woods,A Shadow Chronicles,73.0,0.728,0.3321249999999998,11.0,-6.401,1.0,0.199,0.076,0.008,0.116,0.661,103.56,4.0,hiphop,happy,0.21953462499999987,-0.32887500000000025,0.24178699999999984,0.05075850000000001,0.5824374999999999
spotify:track:gZQaov3IvSqWhTxkKs2nMw,Open Light,Sam Page,Your Light Diaries,75.0,0.386,0.77,8.0,-4.776,1.0,0.039,0.125,0.038,0.34,0.422,134.091,3.0,rock,angry,0.32494,0.34800000000000003,0.29722000000000004,0.028749999999999998,0.5156
spotify:track:o3P3xdxEogQqeGOeT16voU,Lean On (remix),"Major Lazer, J Balvin",Peace Is the Mission,67.0,0.654,0.768,11.0,-4.994,1.0,0.046,0.24,0.053,0.096,0.588,105.415,4.0,latin,energetic,0.451584,0.18000000000000005,0.502272,0.05567999999999999,0.6618
spotify:track:r1il3K6YVt8gk0dHAfJHXt,Alright,Kendrick Lamar,To Pimp a Butterfly,87.0,0.664,0.789,7.0,-7.256,1.0,0.199,0.109,0.007,0.247,0.739,53.40312500000002,4.0,hiphop,happy,0.583071,0.050000000000000044,0.523896,0.022998999999999995,0.7315
spotify:track:I6hkcu2anh4dOFTZJAgvIR,Broken Heart,Quinn Ray,Your Heart Diaries,84.0,0.553,0.651,2.0,-7.957,1.0,0.064,0.156,0.028,0.163,0.532,106.561,4.0,pop,motivational,0.34633200000000003,0.119,0.360003,0.054444,0.5740000000000001
spotify:track:ekg895I1jWqv7vBEQCDwfm,Broken Night,Riley Voss,Your Night Sessions,84.0,0.742,0.688,9.0,-7.526,1.0,0.113,0.342,0.008,0.115,0.469,99.18,4.0,pop,energetic,0.32267199999999996,0.21899999999999997,0.510496,0.10670400000000002,0.6165999999999999
spotify:track:qZ2Ux6Z1cJtX62wX1JWay4,Midnight Voice,Sam Cross,The Voice Sessions,75.0,0.437,0.652,7.0,-5.647,1.0,0.048,0.191,0.082,0.118,0.452,101.301,4.0,rock,motivational,0.294704,0.2,0.284924,0.066468,0.5075000000000001
spotify:track:mgaZJkv65iGRhVZXelCRIl,Distant Rain,Alex Voss,Our Rain,78.0,0.621,0.761,11.0,-7.879,0.0,0.104,0.12,0.014,0.148,0.814,139.852,5.0,pop,happy,0.619454,-0.052999999999999936,0.47258100000000003,0.028679999999999997,0.7402000000000001
spotify:track:qRdYJN4BOeN6f5GsgqQoxu,Lean On,"Major Lazer, MO",Peace Is the Mission,85.0,0.606,0.82,9.0,-5.303,0.0,0.087,0.061,0.1365,0.3658749999999999,1.0,124.513,4.0,electronic,happy,0.82,-0.18000000000000005,0.49692,0.010980000000000002,0.8278
spotify:track:Pc6n5Ra4vUKEwXUD7Qbe5l,Midnight Star,Jamie Stone,A Star Collection,70.0,0.781,0.576,7.0,-3.708,0.0,0.039,0.044,0.029,0.1,0.69,140.63,4.0,pop,happy,0.39743999999999996,-0.11399999999999999,0.449856,0.018656000000000002,0.6831
spotify:track:0iVWnHbdg7xKQ7R7D8Lyeh,Laugh Now Cry Later,"Drake, Lil Durk",Certified Lover Boy,76.0,0.789,0.575,9.0,-5.063,0.0,0.199,0.095,0.008,0.051,0.497,90.278,4.0,hiphop,chill,0.285775,0.07799999999999996,0.453675,0.04037500000000001,0.608
spotify:track:FkmdB6K3JGMLrstQRODj0J,Neon Heart,Riley Stone,Our Heart,75.0,0.738,0.6835,7.0,-4.171,1.0,0.118,0.176,0.006,0.207,0.444,105.348,4.0,pop,energetic,0.303474,0.2395,0.504423,0.055704,0.60405
spotify:track:lWapvBQSZbSCGtgYKhHIe3,Neon Storm,Quinn Woods,A Storm,74.0,0.872,0.738,8.0,-8.732,0.0,0.199,0.111,0.032,0.07,0.318,84.798,4.0,hiphop,energetic,0.234684,0.42,0.643536,0.029082,0.6102000000000001
spotify:track:WKvrAc6bNBR5WFmSsOeWR4,Distant Voice,Chris Rivers,A Voice,91.0,0.672,0.804,1.0,-4.689,0.0,0.089,0.207,0.03,0.163,0.656,119.701,4.0,pop,happy,0.527424,0.14800000000000002,0.5402880000000001,0.04057199999999999,0.7052
spotify:track:b65PM0s7GxkKMsabkQTGXM,Neon Light,Skylar Stone,Your Light Chronicles,79.0,0.89,0.866,1.0,-4.773,0.0,0.199,0.143,0.021,0.13,0.414,87.294,4.0,hiphop,angry,0.35852399999999995,0.452,0.77074,0.019162,0.6924
spotify:track:0WzsBtDY53Z6cNI0dLKiUs,Fast Car,Tracy Chapman,Tracy Chapman,45.0,0.652,0.6835,3.0,-3.383,0.0,0.087,0.241,0.069,0.235,0.39,116.21,4.0,country,energetic,0.266565,0.2935,0.44564200000000004,0.0762765,0.55665
spotify:track:luHy7GBTp7YsEqmGv0lH8w,Kiss Me More,"Doja Cat, SZA",Planet Her,78.0,0.654,0.65,10.0,-5.953,1.0,0.106,0.291,0.005,0.242,0.567,120.298,4.0,pop,energetic,0.36855,0.08300000000000007,0.42510000000000003,0.10184999999999998,0.618
spotify:track:FmkEn2VALR4atWv5inMkGN,Midnight Wave,Drew Stone,A Wave Collection,81.0,0.809,0.803,7.0,-4.855,0.0,0.183,0.123,0.035,0.184,0.449,98.159,4.0,hiphop,angry,0.360547,0.35400000000000004,0.6496270000000001,0.024230999999999992,0.6632
spotify:track:SD73p2Y00OjfHpjwgeFlvT,Open Voice,Quinn Voss,A Voice EP,77.0,0.615,0.537,1.0,-5.55,1.0,0.108,0.038,0.027,0.19,0.496,108.727,4.0,pop,relaxed,0.26635200000000003,0.041000000000000036,0.330255,0.017594,0.544
spotify:track:zF2PclXB0LNxV2rRA6Fsev,Positions,Ariana Grande,Positions,79.0,0.757,0.726,7.0,-7.442,1.0,0.05,0.248,0.015,0.166,0.621,134.647,4.0,pop,happy,0.45084599999999997,0.10499999999999998,0.549582,0.067952,0.6933
spotify:track:lL3l2guFo3hA6qaa2ra6dv,Neon Voice,Quinn Banks,Voice Sessions,87.0,0.678,0.589,11.0,-5.677,0.0,0.084,0.199,0.013,0.051,0.745,140.504,4.0,pop,happy,0.438805,-0.15600000000000003,0.39934200000000003,0.08178900000000001,0.6781
spotify:track:Kff6S1PRiTb86eT8dKEaS5,Smells Like Teen Spirit,Nirvana,Nevermind,60.0,0.455,0.823,8.0,-3.327,1.0,0.076,0.051,0.075,0.146,0.542,110.959,3.0,rock,motivational,0.446066,0.2809999999999999,0.374465,0.009027000000000002,0.6002000000000001
spotify:track:wAJGiYNdXcP4YT5YURp2lh,Neon Storm,Skylar Banks,Storm Sessions,75.0,0.71,0.6835,10.0,-6.621,0.0,0.199,0.494125,0.03,0.233,0.646,86.074,4.0,hiphop,happy,0.441541,0.03749999999999998,0.48528499999999997,0.1563905625,0.67645
spotify:track:gPsj6twWc1xXTYdhc471ZM,Broken Crown,The Ravens,Dark Horizon,71.0,0.418,0.911,2.0,-5.409,1.0,0.087,0.015,0.031,0.22,0.597,156.227,5.0,rock,motivational,0.543867,0.31400000000000006,0.38079799999999997,0.0013349999999999994,0.6375
spotify:track:Jf5LTC7wVYhs4sJPPLj6xG,Differences,Ginuwine,Ginuwine...the Bachelor,71.0,0.575,0.772,6.0,-6.405,0.0,0.079,0.171,0.069,0.133,0.5605,95.605,4.0,rnb,motivational,0.43270600000000004,0.21150000000000002,0.44389999999999996,0.038988,0.6283
spotify:track:xZATJnqaHIRsy1W8DbZMUO,Open Shadow,Taylor Page,Your Shadow Diaries,53.0,0.494,0.802,9.0,-5.677,0.0,0.049,0.0,0.1365,0.119,0.449,111.663,4.0,rock,angry,0.36009800000000003,0.35300000000000004,0.39618800000000004,0.0,0.5684
spotify:track:nEvcq9UCABpByBTuykFL7G,Fade,Alan Walker,Different World,66.0,0.851,0.812,10.0,-2.509,0.0,0.072,0.058,0.1365,0.097,0.517,139.262,4.0,electronic,energetic,0.41980400000000007,0.29500000000000004,0.6910120000000001,0.010903999999999997,0.7057
spotify:track:J8hfoS38u9pxt5UGdCqHBm,Electric Storm,Taylor Stone,Our Storm Sessions,67.0,0.732,0.568,1.0,-3.397,1.0,0.048,0.048,0.042,0.185,0.637,134.064,4.0,pop,happy,0.36181599999999997,-0.06900000000000006,0.415776,0.020736000000000004,0.6448
spotify:track:t9cu4AyRUuXzU3Ca3YQE4Y,"Take Me Home, Country Roads",John Denver,"Poems, Prayers & Promises",66.0,0.519,0.73,5.0,-11.888625,0.0,0.096,0.494125,0.0,0.173,0.669,127.245,4.0,country,happy,0.48837,0.06099999999999994,0.37887,0.13341375,0.6423000000000001
spotify:track:XeV4GJNL3mzggiuHcEy5dT,Neon Sky,Jamie Woods,Sky Diaries,90.0,0.602,0.607,1.0,-7.228,1.0,0.092,0.247,0.015,0.092,0.735,100.93,4.0,pop,happy,0.44614499999999996,-0.128,0.36541399999999996,0.097071,0.6567
spotify:track:pHrFinUHr694FpfBT6VvL9,Therefore I Am,Billie Eilish,Therefore I Am,81.0,0.596,0.604,9.0,-4.761,0.0,0.096,0.194,0.033,0.163,0.755,113.759,4.0,pop,happy,0.45602,-0.15100000000000002,0.35998399999999997,0.076824,0.662
spotify:track:LIB9mllkOBEwI0doLYdKOZ,Golden Shadow,Morgan Voss,A Shadow,76.0,0.751,0.571,3.0,-2.272,1.0,0.07,0.224,0.034,0.223,0.492,103.854,4.0,pop,chill,0.28093199999999996,0.07899999999999996,0.42882099999999995,0.09609600000000001,0.5933999999999999
spotify:track:vjy08ymnB5zQLrTVA1jYIn,My Universe,"Coldplay, BTS",Music of the Spheres,83.0,0.559,0.6835,1.0,-5.955,0.0,0.063,0.258,0.039,0.164,0.497,115.992,4.0,pop,motivational,0.3396995,0.1865,0.38207650000000004,0.08165700000000001,0.57155
spotify:track:7gwJhZV2pUS6mdiuoHVOn4,Electric Heart,Skylar Lane,Your Heart Sessions,91.0,0.666,0.6835,6.0,-5.677,0.0,0.064,0.285,0.022,0.059,0.527,140.567,4.0,pop,energetic,0.36020450000000004,0.15649999999999997,0.45521100000000003,0.09020249999999999,0.61565
spotify:track:ms6xmMEJ2gPGBfY5SdLO0Q,Fading Star,Jamie Page,Star Sessions,68.0,0.767,0.76,4.0,-4.398,1.0,0.151,0.139,0.022,0.145,0.383,99.557,4.0,hiphop,angry,0.29108,0.377,0.58292,0.03336,0.6113
spotify:track:FT9sgvzE8nbqV2wnL7a4DH,Unholy,"Sam Smith, Kim Petras",Gloria,69.0,0.596,0.558,10.0,-5.924,1.0,0.115,0.315,0.042,0.1,0.545,130.467,4.0,pop,chill,0.30411000000000005,0.013000000000000012,0.33256800000000003,0.13923,0.5642
spotify:track:OHxxhnvCqhorA0yNZUFk5R,Cheap Thrills,Sia,This Is Acting,62.0,0.737,0.755,4.0,-2.824,0.0,0.032,0.139,0.1365,0.053,0.511,130.214,4.0,electronic,energetic,0.385805,0.244,0.556435,0.034055,0.652
spotify:track:YIujx0rcKIrSINutAtjq9J,Goosebumps,"Travis Scott, Kendrick Lamar",Birds in the Trap,77.0,0.907,0.691,10.0,-8.328,1.0,0.199,0.035,0.002,0.246,0.679,102.78,4.0,hiphop,happy,0.469189,0.0119999999999999,0.626737,0.010815000000000003,0.751
spotify:track:pcQ5FaJffDQGotaSYkgeaq,Rising Dream,Jordan Cross,The Dream Sessions,76.0,0.892,0.74,3.0,-7.072,1.0,0.199,0.108,0.016,0.129,0.407,90.964,4.0,hiphop,energetic,0.30118,0.333,0.66008,0.02808,0.6524000000000001
spotify:track:0hTtiNNsq5Is8Lhnsvik6s,Rising River,Casey Chase,Your River Sessions,73.0,0.707,0.509,0.0,-6.801,1.0,0.098,0.073,0.014,0.1,0.465,128.513,4.0,pop,relaxed,0.236685,0.043999999999999984,0.359863,0.035843,0.5508
spotify:track:xV66dorGXls12wsBeFz99c,Black Beatles,Rae Sremmurd,SremmLife 2,90.0,0.892,0.865,11.0,-7.297,0.0,0.151,0.142,0.028,0.071,0.517,91.22,4.0,hiphop,energetic,0.447205,0.348,0.77158,0.01917,0.7339
spotify:track:HIlL0w9P53CHdatOkuiYaP,A Love Supreme,John Coltrane,A Love Supreme,45.0,0.642,0.459,10.0,-11.888625,1.0,0.079,0.494125,0.1365,0.078,0.345,121.342,4.0,jazz,sad,0.158355,0.11400000000000005,0.294678,0.26732162499999995,0.46829999999999994
spotify:track:H9dPlM4iwXhWQfeG8d04WZ,Simple Things,Marco Voss,Simple Things EP,78.0,0.719,0.577,6.0,-2.391,0.0,0.082,0.158,0.008,0.116,0.466,108.039,4.0,pop,chill,0.268882,0.11099999999999993,0.4148629999999999,0.066834,0.5751999999999999
spotify:track:FfycfcDcysYyujCVD95E5B,Electric Feel,Cassidy Ray,Pulse,88.0,0.673,0.769,6.0,-4.125,1.0,0.079,0.348,0.019,0.224,0.745,113.759,3.0,pop,happy,0.572905,0.02400000000000002,0.517537,0.08038799999999999,0.7305999999999999
spotify:track:TwsnRWqUdbweGoFRz3Mtmt,Fire Heart,Casey Page,The Heart Collection,84.0,0.724,0.769,6.0,-6.436,1.0,0.11,0.198,0.033,0.08,0.496,96.833,4.0,pop,angry,0.381424,0.273,0.556756,0.045738,0.6463
spotify:track:MYYo7JSxt54lWFWMbYQlFa,Neon Voice,Sam Voss,Your Voice Sessions,77.0,0.562,0.62,4.0,-3.883,1.0,0.044,0.183,0.031,0.155,0.609,106.212,4.0,pop,happy,0.37757999999999997,0.01100000000000001,0.34844,0.06954,0.5982
spotify:track:ASn3mC47dsR8W1fVrYDoVs,Neon Storm,Quinn Blake,Our Storm,80.0,0.732,0.68,10.0,-6.364,1.0,0.199,0.102,0.023,0.235,0.712,94.354,4.0,hiphop,happy,0.48416000000000003,-0.03199999999999992,0.49776000000000004,0.032639999999999995,0.7084
spotify:track:Fq25vlnXstXni1yNHFFt6u,Jumpman,"Drake, Future",What a Time to Be Alive,79.0,0.681,0.671,6.0,-4.962,1.0,0.101,0.019,0.021,0.219,0.684,103.622,4.0,pop,happy,0.45896400000000004,-0.013000000000000012,0.45695100000000005,0.006250999999999999,0.6792
spotify:track:2qD9TjIdRbIXCFtluXPQ4z,Before He Cheats,Carrie Underwood,Some Hearts,67.0,0.608,0.625,7.0,-6.024,0.0,0.037,0.494125,0.099,0.222,0.423,99.128,4.0,country,energetic,0.26437499999999997,0.202,0.38,0.185296875,0.5391
spotify:track:qG16GsWBog76iATeqzNMmH,Sleepyhead,Passion Pit,Manners,62.0,0.573,0.54,11.0,-11.094,1.0,0.059,0.342,0.1365,0.19,0.56,140.948,4.0,pop,relaxed,0.30240000000000006,-0.020000000000000018,0.30942,0.15732,0.5579
spotify:track:GaFojPPFfHpLLYF2SkcpmQ,Fire Echo,Sam Cross,A Echo Sessions,81.0,0.774,0.711,11.0,-4.794,1.0,0.031,0.059,0.009,0.145,0.792,100.317,4.0,pop,happy,0.563112,-0.08100000000000007,0.550314,0.017051,0.7623
spotify:track:5gMwfrmpWo8FRYpZMAr4it,Broken Shadow,Drew Lane,Our Shadow Diaries,93.0,0.618,0.837,19.55,-7.972,0.0,0.046,0.187,0.028,0.151,0.605,115.198,4.0,pop,happy,0.506385,0.23199999999999998,0.517266,0.030481000000000005,0.6785
spotify:track:0SJPnRHfketwxmKY2uXgLs,Broken River,Jamie Banks,Your River EP,87.0,0.631,0.64,4.0,-7.78,1.0,0.05,0.087,0.043,0.129,0.815,124.199,4.0,pop,happy,0.5216,-0.17499999999999993,0.40384000000000003,0.031319999999999994,0.7073
spotify:track:NGnE3ePQSbwrjkvJRNWWS6,Mr. Brightside,The Killers,Hot Fuss,64.0,0.672,1.0,6.0,-6.231,1.0,0.075,0.142,0.022,0.138,0.514,126.392,4.0,rock,energetic,0.514,0.486,0.672,0.0,0.7072
spotify:track:Iv3yTdPhQhBChG2ZANOXVR,Major Distribution,"Drake, 21 Savage",Her Loss,68.0,0.899,0.776,4.0,-2.689,1.0,0.199,0.149,0.009,0.241,0.609,96.446,3.0,hiphop,happy,0.472584,0.16700000000000004,0.697624,0.033375999999999996,0.7461
spotify:track:dFsaQT8e8RWa3Qz5gbKte6,Broken Echo,Skylar Page,Your Echo Sessions,74.0,0.672,0.519,7.0,-7.019,1.0,0.199,0.139,0.045,0.149,0.482,113.759,5.0,pop,relaxed,0.250158,0.03700000000000003,0.348768,0.066859,0.5501
spotify:track:ULpN2xzKKZGUiLMh6HNWKY,Old Town Road,Lil Nas X,7,53.0,0.735,0.678,4.0,-3.294,1.0,0.199,0.062,0.003,0.094,0.506,76.98,5.0,hiphop,energetic,0.34306800000000004,0.17200000000000004,0.49833000000000005,0.019963999999999996,0.6263000000000001
spotify:track:IYmTFJg8zv0qxTdtQqzxMZ,Midnight Rain,Riley Woods,A Rain Sessions,86.0,0.834,0.823,6.0,-2.559,1.0,0.118,0.085,0.035,0.084,0.691,126.331,4.0,pop,happy,0.5686929999999999,0.132,0.6863819999999999,0.015045000000000005,0.7735
spotify:track:egXDxErZwgjK2MDCDWMWcY,Fire Road,Skylar Rivers,A Road Diaries,86.0,0.697,0.656,1.0,-4.692,1.0,0.079,0.296,0.013,0.216,0.832,118.729,3.0,pop,happy,0.5457919999999999,-0.17599999999999993,0.45723199999999997,0.10182399999999998,0.7386999999999999
spotify:track:xc4nwY6wfQoT34pA4CBx0g,Run It Up,Chase Millions,Chase Millions EP,78.0,0.85,0.655,0.0,-5.99,1.0,0.199,0.0,0.025,0.129,0.377,177.28012499999997,4.0,pop,energetic,0.24693500000000002,0.278,0.55675,0.0,0.6023000000000001
spotify:track:bLIkDVupn4pzC8RqNSsM3H,Enter Sandman,Metallica,Metallica,45.0,0.283,0.824,4.0,-4.818,0.0,0.089,0.097,0.121,0.099,0.113,135.016,5.0,metal,angry,0.093112,0.711,0.23319199999999995,0.017072000000000004,0.37729999999999997
spotify:track:7E5ouNzQiQGtOD4NOGUdqI,Neon Lights,Mira Soleil,Neon Dreams,75.0,0.839,0.842,4.0,-2.716,0.0,0.073,0.235,0.03,0.107,0.471,127.645,4.0,pop,angry,0.396582,0.371,0.7064379999999999,0.03713,0.6927
spotify:track:82Ftb9xRx8a3IkFMd19E7u,Silver Heart,Riley Page,Our Heart EP,83.0,0.602,0.662,4.0,-6.804,1.0,0.105,0.116,0.025,0.215,0.656,140.744,4.0,pop,happy,0.43427200000000005,0.006000000000000005,0.398524,0.039208,0.6416
spotify:track:4irgunRIvSmZXeeTeYewRq,Sex on Fire,Kings of Leon,Only by the Night,70.0,0.319,0.891,0.0,-11.888625,0.0,0.075,0.119,0.026,0.144,0.385,113.759,3.0,rock,energetic,0.34303500000000003,0.506,0.284229,0.012970999999999998,0.517
spotify:track:R2crsSmyKP3tc4LjY6O1Qm,Rockstar,"Post Malone, 21 Savage",Beerbongs & Bentleys,76.0,0.729,0.852,1.0,-7.479,0.0,0.199,0.149,0.022,0.249,0.614,96.672,4.0,pop,happy,0.5231279999999999,0.238,0.621108,0.022052000000000002,0.7199
spotify:track:zBCnjovZnemR7dxqSEDbeM,Calm Down,"Rema, Selena Gomez",Rave & Roses,101.0,0.732,0.609,5.0,-2.835,0.0,0.118,0.063,0.019,0.162,0.723,53.40312500000002,4.0,pop,happy,0.44030699999999995,-0.11399999999999999,0.44578799999999996,0.024633000000000002,0.6915
spotify:track:MCPrIpccFosbdRKzlKHtKp,Sicko Mode,Travis Scott,Astroworld,71.0,0.653,0.64,10.0,-3.999,0.0,0.199,0.085,0.018,0.06,0.498,80.338,4.0,hiphop,energetic,0.31872,0.14200000000000002,0.41792,0.030600000000000002,0.5871
spotify:track:ejVnbnzCzXhNrVyxMrfzxF,Lost Dream,Morgan Cross,Your Dream Diaries,73.0,0.658,0.588,0.0,-8.021,1.0,0.199,0.062,0.015,0.168,0.596,80.593,4.0,hiphop,happy,0.350448,-0.008000000000000007,0.38690399999999997,0.025544,0.6122
spotify:track:EAVCMniLGS0gXk9ee09Nbn,Ribs,Lorde,Pure Heroine,46.0,0.672,0.701,5.0,-11.888625,1.0,0.052,0.358,0.074,0.109,0.589,98.234,4.0,indie,energetic,0.41288899999999995,0.11199999999999999,0.471072,0.10704200000000001,0.6475
spotify:track:V48IVnu0j8xzYz29hgjPi6,Distant Dream,Skylar Banks,Our Dream EP,74.0,0.341,0.856,11.0,-5.63,0.0,0.069,0.085,0.087,0.275,0.659,132.907,4.0,rock,happy,0.564104,0.19699999999999995,0.291896,0.012240000000000003,0.6227
spotify:track:HvL0uOYzSZnNPVOA3qRJDe,Fire River,Alex Woods,Your River Sessions,69.0,0.536,0.915,9.0,-3.953,0.0,0.049,0.157,0.1365,0.259,0.501,113.759,4.0,rock,motivational,0.458415,0.41400000000000003,0.49044000000000004,0.013344999999999994,0.6357
spotify:track:c7doTITEBER8F40yPxn9A4,Blue in Green,Miles Davis,Kind of Blue,47.0,0.488,0.3321249999999998,6.0,-11.744,1.0,0.065,0.494125,0.03,0.096,0.565,153.558,4.0,jazz,chill,0.18765062499999985,-0.23287500000000017,0.1620769999999999,0.3300137343750001,0.4720374999999999
spotify:track:MvoBmRw7Dm8egXJm4fsJzT,Kids,MGMT,Oracular Spectacular,63.0,0.54,0.533,-5.324,-7.743,1.0,0.071,0.1,0.064,0.227,0.637,133.479,12.113,indie,happy,0.339521,-0.10399999999999998,0.28782,0.0467,0.5767000000000001
spotify:track:nFgsNaelsCqmnOVg7202pe,Rising Rain,Drew Lane,Rain EP,72.0,0.73,0.622,2.0,-3.652,1.0,0.079,0.073,0.01,0.135,0.733,101.905,5.0,hiphop,happy,0.455926,-0.11099999999999999,0.45405999999999996,0.027593999999999997,0.6988
spotify:track:US6qDrKBsWOy5rFKAFIbTx,Whiskey River,The Lone Stars,Texas Trail,60.0,0.581,0.6835,3.0,-7.076,0.0,0.087,0.494125,0.008,0.096,0.377,94.475,4.0,country,energetic,0.2576795,0.3065,0.39711349999999995,0.1563905625,0.53015
spotify:track:e4hnDC06pvZ0OrAfXmpmde,Butterfly Effect,Aria Chen,Metamorphosis,45.0,0.552,0.693,2.0,-5.677,0.0,0.118,0.026,0.041,0.185,0.405,121.471,4.0,pop,energetic,0.280665,0.2879999999999999,0.382536,0.007982000000000001,0.5355
spotify:track:s6IHSE8kt9vFs7pIDXb2Zz,I Want You Back,Jackson 5,Diana Ross Presents The Jackson 5,71.0,0.748,0.608,6.0,-4.178,0.0,0.107,0.273,0.05,0.215,0.628,118.13,12.397,rnb,happy,0.381824,-0.020000000000000018,0.45478399999999997,0.10701600000000001,0.6579999999999999
spotify:track:XXuWEOoGkuIVUnzq8dLIs6,Cruel Summer,Taylor Swift,Lover,89.0,0.561,0.571,0.0,-6.106,0.0,0.058,0.151,0.041,0.145,0.756,53.40312500000002,4.0,pop,happy,0.43167599999999995,-0.18500000000000005,0.320331,0.064779,0.642
spotify:track:IieoMmtPEwU5FpaVTkBS9m,Lost Storm,Drew Blake,Your Storm Sessions,88.0,0.827,0.582,2.0,-3.629,1.0,0.038,0.139,0.012,0.174,0.708,102.8,3.0,pop,happy,0.412056,-0.126,0.48131399999999996,0.05810200000000001,0.7059
spotify:track:urYbcsJZzsp7CXUQfoiGMG,Adorn,Miguel,Kaleidoscope Dream,67.0,0.746,0.689,1.0,-6.259,0.0,0.159,0.297,0.016,0.214,0.318,87.268,4.0,rnb,energetic,0.219102,0.37099999999999994,0.513994,0.09236700000000002,0.5577
spotify:track:hUit2jc8KqXgruv4dvr1E8,Breaking the Law,Judas Priest,British Steel,45.0,0.383,0.829,10.0,-4.31,0.0,0.081,0.033,0.1365,0.314,0.463,153.571,5.0,metal,angry,0.383827,0.36599999999999994,0.317507,0.005643000000000001,0.5488
spotify:track:WED7jjnYa4zDhsdCrOdQqs,Master of Puppets,Metallica,Master of Puppets,54.0,0.487,0.926,7.0,-2.676,1.0,0.117,0.037,0.106,0.081,0.328,140.228,4.0,pop,angry,0.30372800000000005,0.5980000000000001,0.45096200000000003,0.0027379999999999982,0.5551
spotify:track:Nes8gRGMOLAhR8irH1e2jd,Drivers License,Olivia Rodrigo,SOUR,71.0,0.682,0.565,19.994,-5.134,0.0,0.104,0.152,0.004,0.176,0.5605,142.053,4.0,pop,happy,0.3166825,0.0044999999999999485,0.38533,0.06612000000000001,0.5983
spotify:track:N0RKhEFrzs92Nfx26n8rQp,Neon Light,Chris Ray,Light Diaries,83.0,0.555,0.742,11.0,-5.141,1.0,0.111,0.242,0.021,0.229,0.691,95.102,4.0,pop,happy,0.512722,0.051000000000000045,0.41181,0.062436,0.6655
spotify:track:JQKClqZn06TiHczF5F4LFT,Rising Heart,Sam Rivers,A Heart,76.0,0.751,0.577,2.0,-3.139,1.0,0.199,0.136,0.008,0.201,0.626,82.402,3.0,hiphop,happy,0.36120199999999997,-0.049000000000000044,0.43332699999999996,0.05752800000000001,0.6488
spotify:track:TKsRvOeCggf5RXu7C62taR,Fire Voice,Taylor Stone,Our Voice Diaries,76.0,0.695,0.645,3.0,-7.815,1.0,0.199,0.046,0.024,0.071,0.519,81.709,4.0,hiphop,energetic,0.334755,0.126,0.448275,0.016329999999999997,0.6096
spotify:track:RhwVXP5YkMVySnnIhjQY11,Take a Walk,Passion Pit,Gossamer,62.0,0.414,0.705,8.0,-9.279,1.0,0.04,0.14,0.068,0.145,0.716,141.399,4.0,indie,happy,0.5047799999999999,-0.01100000000000001,0.29186999999999996,0.04130000000000001,0.6221
spotify:track:t6KDuie27aftdf93rZm4us,King's Dead,"Kendrick Lamar, Jay Rock",Black Panther,83.0,0.84,0.797,9.0,-2.344,1.0,0.199,0.133,0.021,0.172,0.5605,97.169,5.0,pop,energetic,0.4467185,0.23650000000000004,0.66948,0.026998999999999995,0.7153
spotify:track:AoqDHTZf3rTH4SmNIJulZi,Summer Haze,The Solstice,Golden Days,89.0,0.691,0.688,11.0,-6.515,1.0,0.098,0.308,0.004,0.139,0.699,105.921,3.0,pop,happy,0.48091199999999995,-0.01100000000000001,0.47540799999999994,0.09609600000000001,0.6933
spotify:track:NtrXfLnYDzu9vMRS5oy1jG,Clair de Lune,Claude Debussy,Suite bergamasque,45.0,0.2570000000000001,0.476,9.0,-11.888625,0.0,0.199,0.494125,0.1365,0.163,0.198,74.704,4.0,classical,sad,0.094248,0.27799999999999997,0.12233200000000005,0.2589215,0.29910000000000003
spotify:track:wyxjhlK8Sj7f3yIuZDRorI,Midnight River,Taylor Cross,Your River EP,70.0,0.593,0.721,11.0,-7.547,1.0,0.102,0.274,0.02,0.2,0.683,113.759,4.0,pop,happy,0.492443,0.03799999999999992,0.42755299999999996,0.07644600000000001,0.6674
spotify:track:ckBHEn9pOT7gAzPFpyE5dV,Fire Voice,Morgan Blake,A Voice EP,73.0,0.771,0.582,1.0,-6.625,0.0,0.105,0.139,0.018,0.206,0.509,108.27,4.0,pop,chill,0.296238,0.07299999999999995,0.44872199999999995,0.05810200000000001,0.6094999999999999
spotify:track:YbtaJdecyKj6LRT2yqLIac,Rich Flex,"Drake, 21 Savage",Her Loss,76.0,0.824,0.683,0.0,-3.747,0.0,0.104,0.024,0.015,0.072,0.626,79.119,4.0,hiphop,happy,0.42755800000000005,0.05700000000000005,0.562792,0.007607999999999999,0.7025
spotify:track:WsHOysddNJzBCjJnCjDQL7,Fading Voice,Skylar Rivers,Our Voice Sessions,88.0,0.615,0.712,9.0,-6.684,1.0,0.067,0.067,0.029,0.203,0.612,119.083,4.0,pop,happy,0.43574399999999996,0.09999999999999998,0.43788,0.019296000000000004,0.6429
spotify:track:9UQ9ooUB25AjSMdYrQXWf9,Neon Wasteland,Circuit Breakers,Overload,77.0,0.449,0.848,10.0,-6.43,1.0,0.042,0.064,0.012,0.185,0.36,120.774,4.0,rock,angry,0.30528,0.488,0.380752,0.009728000000000002,0.5330999999999999
spotify:track:sBjWBbbabVQ4QJNkggMCXC,Electric Road,Quinn Blake,The Road Collection,64.0,0.543,0.618,3.0,-5.281,1.0,0.048,0.173,0.03,0.325,0.336,155.921,4.0,rock,energetic,0.207648,0.282,0.33557400000000004,0.06608599999999999,0.4827
spotify:track:Ye6752AjG8R9he60dLGKcP,Velvet Sky,Luna Park,Midnight Carousel,84.0,0.606,0.758,8.0,-3.456,1.0,0.046,0.303,0.045,0.215,0.756,123.389,3.0,pop,happy,0.573048,0.0020000000000000018,0.459348,0.073326,0.7116
spotify:track:F9Gd81hIlnTd3HoWmsdu0M,Yellow,Coldplay,Parachute,59.0,0.672,0.645,3.0,-7.507,1.0,0.199,0.087,0.133,0.082,0.724,113.533,4.0,rock,happy,0.46698,-0.07899999999999996,0.43344000000000005,0.030884999999999996,0.6847000000000001
spotify:track:8hHo6Kgl75uqsYpX3bPDBi,As It Was,Harry Styles,Harry's House,87.0,0.727,0.503,7.0,-7.596,0.0,0.033,0.129,0.026,0.163,0.1122499999999999,97.944,4.0,pop,sad,0.05646174999999995,0.3907500000000001,0.365681,0.064113,0.41389999999999993
spotify:track:idyVF0a6Zb0BI2SteoVNau,God's Plan,Drake,Scorpion,68.0,0.856,0.778,9.0,-5.027,1.0,0.079,0.029,0.039,0.249,0.435,92.609,5.0,hiphop,angry,0.33843,0.343,0.665968,0.006437999999999999,0.6641999999999999
spotify:track:7qC4n7a41UQGoYvutkMUqL,Broken Heart,Skylar Rivers,The Heart Sessions,81.0,0.673,0.684,9.0,-3.648,0.0,0.053,0.031,0.031,0.061,0.708,112.576,5.0,pop,happy,0.48427200000000004,-0.02399999999999991,0.4603320000000001,0.009796,0.6903
spotify:track:WyfLje0ai3m9zS7HSix9wV,Little Talks,Of Monsters and Men,My Head Is an Animal,52.0,0.428,0.669,1.0,-7.771,0.0,0.054,0.206,0.065,0.211,0.711,130.516,3.0,indie,happy,0.475659,-0.041999999999999926,0.28633200000000003,0.06818599999999998,0.6134999999999999
spotify:track:t35EfrkjhCh4AYzJQbZ0GO,Round Midnight,Thelonious Monk,Brilliant Corners,45.0,0.414,0.3321249999999998,11.0,-11.888625,1.0,0.06,0.494125,0.1365,0.3658749999999999,0.478,105.123,4.0,jazz,chill,0.1587557499999999,-0.1458750000000002,0.1374997499999999,0.3300137343750001,0.41503749999999995
spotify:track:WRquZwdWiPTVrt1oubrKNY,Neon Night,Casey Woods,The Night Chronicles,78.0,0.667,0.723,9.0,-5.17,0.0,0.084,0.049,0.013,0.124,0.762,113.759,4.0,pop,happy,0.550926,-0.039000000000000035,0.48224100000000003,0.013573000000000002,0.7218
spotify:track:vaF4ShiKXSRidUsM4A1tXZ,Congratulations,Post Malone,Stoney,74.0,0.762,0.68,1.0,-6.845,1.0,0.199,0.02,0.035,0.248,0.634,86.521,4.0,hiphop,happy,0.43112000000000006,0.04600000000000004,0.5181600000000001,0.0063999999999999994,0.6862
spotify:track:76VlsuugZfexMlWSlZXXTM,Golden Dream,Riley Page,A Dream EP,76.0,0.603,0.877,7.0,-6.188,1.0,0.045,0.013,0.034,0.182,0.637,138.944,4.0,rock,happy,0.5586490000000001,0.24,0.5288309999999999,0.001599,0.6988
spotify:track:IR1AGKkJbyQrex1VFI5Je9,Lost Rain,Chris Page,Your Rain,77.0,0.741,0.3321249999999998,4.0,-4.146,1.0,0.098,0.058,0.008,0.13,0.73,112.254,4.0,pop,happy,0.24245124999999984,-0.3978750000000002,0.24610462499999983,0.038736750000000014,0.6139374999999999
spotify:track:ZEzAdapqJLgj8uPLQhOxTf,Shake It Out,Florence + The Machine,Ceremonials,50.0,0.557,0.365,6.0,-8.173,1.0,0.043,0.103,0.085,0.17,0.313,142.757,3.0,indie,sad,0.114245,0.05199999999999999,0.203305,0.06540499999999999,0.40180000000000005
spotify:track:D49xrN2gLnEe7D96HKixMf,Sunflower,"Post Malone, Swae Lee",Hollywood's Bleeding,78.0,0.765,0.704,3.0,-6.032,1.0,0.199,0.052,0.023,0.244,0.374,80.926,4.0,hiphop,angry,0.263296,0.32999999999999996,0.5385599999999999,0.015392000000000001,0.5903
spotify:track:bVyow2FhYs2ghNfTVnB3hQ,Open Night,Morgan Banks,Your Night Collection,86.0,0.583,0.521,11.0,-5.873,0.0,0.034,0.139,0.006,0.11,0.568,113.759,4.0,pop,relaxed,0.29592799999999997,-0.04699999999999993,0.303743,0.066581,0.5583999999999999
spotify:track:MN8zMgk2HtyxFscc2HC8OF,Ho Hey,The Lumineers,The Lumineers,45.0,0.574,0.532,1.0,-4.004,1.0,0.032,0.303,0.003,0.163,0.361,125.422,0.34,indie,relaxed,0.192052,0.17100000000000004,0.305368,0.14180399999999999,0.47619999999999996
spotify:track:6Fj8l02GyFLF2uOyxDjMCE,Body Like a Back Road,Sam Hunt,Montevallo,46.0,0.538,0.519,4.0,-8.205,1.0,0.079,0.494125,0.009,0.186,0.5605,142.419,4.0,country,relaxed,0.29089950000000003,-0.04149999999999998,0.279222,0.23767412499999999,0.5413
spotify:track:bsNikLzBLJ74NZKGaU0ESi,Settling Dust,Bramble Folk,Overgrown,45.0,0.397,0.682,4.0,-5.677,1.0,0.077,0.494125,0.054,0.144,0.446,110.003,4.0,indie,energetic,0.30417200000000005,0.23600000000000004,0.27075400000000005,0.15713174999999996,0.5021
spotify:track:9WEBHSMkvCBMK2sViLB04B,Rising Sky,Riley Page,The Sky Diaries,85.0,0.831,0.6835,11.0,-4.035,0.0,0.115,0.342,0.03,0.0,0.508,135.474,3.0,pop,energetic,0.347218,0.1755,0.5679885,0.108243,0.65755
spotify:track:Q9zeljl1pCGznGF7Ojrlys,Creep,Radiohead,Pablo Honey,59.0,0.314,0.826,6.0,-2.82,0.0,0.079,0.086,0.121,0.273,0.498,127.645,4.0,rock,angry,0.411348,0.32799999999999996,0.259364,0.014964000000000003,0.5411999999999999
spotify:track:jeihdiJDQkXpvRDkHWykvm,Dark Road,Riley Lane,Our Road EP,75.0,0.655,0.731,0.0,-4.445,1.0,0.112,0.042,0.015,0.163,0.511,113.759,3.0,pop,energetic,0.373541,0.21999999999999997,0.47880500000000004,0.011298,0.6202000000000001
spotify:track:kCkvQalRhBJ3CUCltph8lq,Electric Feel,MGMT,Oracular Spectacular,45.0,0.2570000000000001,0.458,4.0,-9.298,1.0,0.074,0.356,0.063,0.219,0.358,138.537,4.0,indie,chill,0.163964,0.10000000000000003,0.11770600000000006,0.192952,0.3577
spotify:track:9t6vscjBvbdGTInFiM6kFY,Open Storm,Casey Banks,Storm Chronicles,70.0,0.666,0.713,4.0,-11.888625,0.0,0.111,0.106,0.024,0.224,0.485,97.215,4.0,hiphop,energetic,0.345805,0.22799999999999998,0.474858,0.030422,0.6077
spotify:track:DB32GwM1UYWrYUUqdA68Ej,All of Me,John Legend,Love in the Future,74.0,0.672,0.426,8.0,-8.676,1.0,0.137,0.189,0.022,0.064,0.618,99.865,3.0,rnb,happy,0.263268,-0.192,0.286272,0.10848600000000001,0.5766
spotify:track:dcqscON1m4Yrpw2cBdVcKv,Fading Voice,Sam Cole,The Voice EP,76.0,0.795,0.779,8.0,-3.245,0.0,0.078,0.152,0.021,0.174,0.547,127.473,5.0,pop,energetic,0.426113,0.23199999999999998,0.6193050000000001,0.033592,0.6910000000000001
spotify:track:04eJ5DWMPm3cGDhJBfEObj,Dark Dream,Quinn Page,Our Dream Chronicles,45.0,0.784,0.614,6.0,-2.781,0.0,0.064,0.093,0.024,0.147,0.5605,131.887,4.0,pop,happy,0.344147,0.05349999999999999,0.481376,0.035898,0.6436
spotify:track:AKeGvZZRaKLIefGjNMuyL8,Mask Off,Future,Future,81.0,0.885,0.695,6.0,-4.545,0.0,0.124,0.022,0.005,0.063,0.711,78.276,4.0,hiphop,happy,0.49414499999999995,-0.016000000000000014,0.6150749999999999,0.006710000000000001,0.7584
spotify:track:DooDtxGLhILc2Ey1GohAFu,Stay,"The Kid LAROI, Justin Bieber",F*CK LOVE 3,90.0,0.621,0.642,7.0,-2.585,1.0,0.045,0.139,0.02,0.235,0.617,138.233,4.0,pop,happy,0.396114,0.025000000000000022,0.398682,0.049762,0.6257
spotify:track:xP9hBXsdwVjTQBlByRydWk,Electric Sky,Jordan Cross,A Sky Diaries,82.0,0.71,0.777,2.0,-2.313,0.0,0.082,0.344,0.019,0.237,0.732,133.202,4.0,pop,happy,0.568764,0.04500000000000004,0.55167,0.07671199999999999,0.7389
spotify:track:KOTSQnQb1Wk7ZLBtp6rEKG,Silver Shadow,Jamie Cole,The Shadow Sessions,78.0,0.781,0.683,11.0,-4.291,1.0,0.038,0.327,0.019,0.096,0.848,100.196,4.0,pop,happy,0.579184,-0.16499999999999992,0.5334230000000001,0.10365899999999999,0.7784
spotify:track:LEIGccreTJ8B8RHbAFANaw,Wild Light,Jamie Banks,The Light Diaries,81.0,0.574,0.763,6.0,-5.645,0.0,0.079,0.08,0.045,0.1,0.466,108.325,12.266,pop,angry,0.35555800000000004,0.297,0.43796199999999996,0.01896,0.5875
spotify:track:xKe90gswSijYqDydnbUWi5,Crystal Light,Alex Voss,The Light Diaries,81.0,0.672,0.837,7.0,-4.105,1.0,0.079,0.278,0.018,0.185,0.49,123.795,4.0,pop,angry,0.41013,0.347,0.562464,0.045314000000000014,0.6487
spotify:track:sDsQPq1VslVEbfOUXzZn2I,Neon Voice,Taylor Lane,Your Voice,70.0,0.751,0.861,3.0,-6.422,1.0,0.187,0.031,0.024,0.071,0.432,75.935,4.0,hiphop,angry,0.371952,0.429,0.646611,0.004309,0.6564
spotify:track:BqeLE7ROoEDgK1ZJGhdE71,HUMBLE.,Kendrick Lamar,DAMN.,70.0,0.685,0.3321249999999998,10.0,-5.677,1.0,0.199,0.141,0.023,0.15,0.494,96.29,4.0,hiphop,relaxed,0.1640697499999999,-0.1618750000000002,0.22750562499999988,0.09417037500000003,0.5027375
spotify:track:qdIKxNl6srR30cNSgmkA97,Open Light,Casey Page,Light Collection,81.0,0.635,0.74,10.0,-6.341,1.0,0.059,0.111,0.033,0.24,0.5605,111.814,4.0,pop,motivational,0.41476999999999997,0.1795,0.4699,0.02886,0.6367
spotify:track:8owwQ5d1SIUVubaYZvZ8Vx,Wonderwall,Oasis,(What's the Story) Morning Glory?,73.0,0.641,0.868,6.0,-6.748,1.0,0.073,0.066,0.056,0.147,0.309,142.26,4.0,rock,angry,0.268212,0.5589999999999999,0.556388,0.008712000000000001,0.5762999999999999
spotify:track:N0ZiUpZyaQDeNnCbN2hwG8,Fading Light,Sam Woods,Light Sessions,80.0,0.907,0.557,3.0,-6.667,1.0,0.199,0.117,0.003,0.06,0.471,98.413,4.0,pop,chill,0.262347,0.08600000000000008,0.5051990000000001,0.051830999999999995,0.6276
spotify:track:dHzFms58MThNvvCUJwpZqE,Meant to Be,"Bebe Rexha, Florida Georgia Line",All Your Fault,57.0,0.686,0.481,2.0,-7.48,1.0,0.048,0.494125,0.082,0.148,0.747,132.44,4.0,country,chill,0.359307,-0.266,0.32996600000000004,0.256450875,0.6489
spotify:track:rUn2T0dUlkXnOk9Om3Ttum,Lucid Dreams,Juice WRLD,Goodbye & Good Riddance,71.0,0.666,0.674,11.0,-7.569,1.0,0.111,0.139,0.024,0.239,0.433,79.55,4.0,hiphop,energetic,0.291842,0.24100000000000005,0.44888400000000006,0.045314,0.5752
spotify:track:AIAeVgyQXu2tH3UagQ8mef,Golden Storm,Drew Blake,Our Storm Chronicles,87.0,0.627,0.536,6.0,-6.63,1.0,0.076,0.035,0.043,0.099,0.658,131.139,4.0,pop,happy,0.35268800000000006,-0.122,0.33607200000000004,0.01624,0.6121000000000001
spotify:track:8hKCDlBdUmxVLx1DJrIGgW,Silver Light,Quinn Page,Your Light Collection,80.0,0.2570000000000001,0.606,8.0,-2.308,1.0,0.101,0.337,0.032,0.085,0.461,53.40312500000002,4.0,pop,energetic,0.279366,0.14499999999999996,0.15574200000000007,0.132778,0.4433
spotify:track:9I1LFU9TDcMvjJwwIaaadA,Broken Dream,Quinn Lane,The Dream Diaries,81.0,0.777,0.686,8.0,-3.598,1.0,0.05,0.309,0.016,0.0,0.408,95.206,4.0,pop,energetic,0.279888,0.2780000000000001,0.5330220000000001,0.09702599999999999,0.6021
spotify:track:568eWRZmqbfmTFZb29C8Dx,Midnight Hustle,Nova Beats,Late Night Sessions,64.0,0.839,1.0,10.0,-6.369,0.0,0.079,0.13,0.009,0.225,0.37,78.159,4.0,hiphop,angry,0.37,0.63,0.839,0.0,0.6997
spotify:track:ehmOqROF8vrGKSBUDWaPZq,Permission to Dance,BTS,Permission to Dance,76.0,0.604,0.561,7.0,-3.901,1.0,0.079,0.212,0.012,0.178,0.674,114.127,4.0,pop,happy,0.37811400000000006,-0.11299999999999999,0.33884400000000003,0.09306799999999998,0.6191
spotify:track:q2Aapo0U0ZHgegCsC4hTYU,Fire Voice,Alex Banks,A Voice,61.0,0.677,0.526,9.0,-6.135,1.0,0.086,0.052,0.024,0.212,0.512,103.224,4.0,pop,relaxed,0.269312,0.014000000000000012,0.35610200000000003,0.024647999999999996,0.5657000000000001
spotify:track:uIJjj2Jt6CvOQOpgxY42Co,Silver River,Casey Page,Our River,74.0,0.672,0.691,3.0,-5.808,1.0,0.089,0.296,0.026,0.125,0.478,127.684,4.0,pop,energetic,0.330298,0.21299999999999997,0.464352,0.09146400000000002,0.6001
spotify:track:0BRhEluTinCQ8jiwCT6AWR,City Wide,K-Real,Concrete Jungle,74.0,0.757,0.614,1.0,-2.183,0.0,0.199,0.024,0.016,0.198,0.638,96.771,3.0,hiphop,happy,0.391732,-0.02400000000000002,0.464798,0.009264,0.6665
spotify:track:qKqKUc7paB82KvAVdA2dCB,Rising Wave,Chris Cole,Wave Chronicles,76.0,0.854,0.806,4.0,-6.65,1.0,0.199,0.059,0.022,0.183,0.345,99.117,4.0,hiphop,angry,0.27807,0.4610000000000001,0.688324,0.011445999999999996,0.636
spotify:track:uJlRvaBEF3JnWYcy4ShUT6,Broken Storm,Riley Banks,Storm,66.0,0.496,0.839,9.0,-7.176,0.0,0.05,0.141,0.1365,0.21,0.57,147.149,12.127,rock,motivational,0.47822999999999993,0.269,0.41614399999999996,0.022701000000000002,0.6285
spotify:track:O4RqR9vSjCRQPovAToz0bB,Golden Storm,Alex Lane,Your Storm,68.0,0.878,0.622,4.0,-7.065,1.0,0.199,0.139,0.003,0.086,0.326,103.165,4.0,hiphop,energetic,0.202772,0.296,0.546116,0.052542000000000005,0.5804
spotify:track:xow1oRoWHFepfBjjQuxLen,No Role Modelz,J. Cole,2014 Forest Hills Drive,65.0,0.767,0.739,8.0,-2.638,1.0,0.199,0.036,0.033,0.163,0.345,76.905,3.0,hiphop,angry,0.254955,0.394,0.566813,0.009396,0.5898
spotify:track:ipN9AvL5PeFUR8HX5GUBcr,Wild Storm,Skylar Chase,Storm,84.0,0.552,0.839,3.0,-6.051,0.0,0.096,0.262,0.048,0.164,0.695,142.545,4.0,pop,happy,0.583105,0.14400000000000002,0.46312800000000004,0.04218200000000001,0.6952999999999999
spotify:track:tuvMI9mOIIY9N2ONPdEqpa,Earned It,The Weeknd,Fifty Shades of Grey,66.0,0.672,0.754,11.0,-9.006,0.0,0.107,0.263,0.075,0.113,0.305,113.516,4.0,rnb,energetic,0.22997,0.449,0.506688,0.064698,0.5498
spotify:track:jTOERNNis6ypjoqayMDeCR,Silver Road,Jamie Blake,Road Diaries,83.0,0.81,0.6835,6.0,-3.517,0.0,0.199,0.011,0.018,0.076,0.31,75.535,4.0,hiphop,energetic,0.211885,0.3735,0.553635,0.0034815,0.57205
spotify:track:YX6rhkt2ozm6RqNbOW8W3n,Shivers,Ed Sheeran,=,76.0,0.568,0.597,0.0,-3.055,1.0,0.038,0.09,0.032,0.244,0.836,177.28012499999997,4.0,pop,happy,0.499092,-0.239,0.33909599999999995,0.036270000000000004,0.6839000000000001
spotify:track:8QEvpUQjpjX9kbexDxyBK8,Shakira: Bzrp Music Sessions,"Bizarrap, Shakira",Music Sessions Vol. 53,64.0,0.83,0.573,3.0,-5.677,1.0,0.113,0.062,0.006,0.163,0.847,109.845,4.0,latin,happy,0.48533099999999996,-0.274,0.47558999999999996,0.026474,0.7596999999999999
spotify:track:vPxkmp7jWXm3U1WvheaiqG,Where Are Ü Now,"Jack Ü, Justin Bieber",Skrillex and Diplo,65.0,0.887,0.719,-5.352,-4.526,0.0,0.1,0.006,0.1365,0.196,0.74,123.534,4.0,electronic,happy,0.53206,-0.02100000000000002,0.637753,0.0016860000000000002,0.7777999999999999
spotify:track:JrFpyZuODYg7q6jOSY0Cjg,Fading Star,Drew Blake,The Star EP,94.0,0.602,0.845,10.0,-11.888625,0.0,0.068,0.346,0.022,0.249,0.837,135.423,4.0,pop,happy,0.7072649999999999,0.008000000000000007,0.50869,0.053630000000000004,0.7689
spotify:track:Epuw5M3LVF066VJftOjGjA,Electric River,Chris Chase,A River Collection,78.0,0.551,0.754,1.0,-2.892,0.0,0.073,0.25,0.009,0.185,0.816,141.024,4.0,pop,happy,0.6152639999999999,-0.061999999999999944,0.41545400000000005,0.0615,0.7179
spotify:track:bH84X3qwDxDlaGDD0YmZ1w,Fading Heart,Jamie Voss,Your Heart EP,87.0,0.814,0.717,9.0,-3.302,0.0,0.071,0.128,0.01,0.071,0.553,141.879,4.0,pop,energetic,0.396501,0.16399999999999992,0.583638,0.036224000000000006,0.6805
spotify:track:zHMukeuXHDcZeZO2Q7pPiw,Crystal Voice,Riley Ray,The Voice,77.0,0.7,0.774,6.0,-6.991,0.0,0.052,0.334,0.048,0.161,0.464,122.022,4.0,pop,angry,0.359136,0.31,0.5418,0.075484,0.6278
spotify:track:M6yQuXaMNztLLxB8ObPkoF,Wild Sky,Taylor Banks,Your Sky,67.0,0.614,0.634,5.0,-7.562,0.0,0.08,0.037,0.047,0.144,0.59,124.86,3.0,pop,happy,0.37406,0.04400000000000004,0.389276,0.013541999999999998,0.6104
spotify:track:UsZNog61htOEteB4mPoAn4,Open Night,Jordan Ray,Night Chronicles,81.0,0.801,0.522,11.0,-4.43,1.0,0.085,0.041,0.01,0.117,0.768,100.709,4.0,pop,happy,0.40089600000000003,-0.246,0.41812200000000005,0.019598,0.7041
spotify:track:LGhLDL6rJwT1EtBC3apWAv,Back in Black,AC/DC,Back in Black,63.0,0.362,0.974,2.0,-4.394,0.0,0.112,0.009,0.1365,0.139,1.0,137.008,4.0,metal,happy,0.974,-0.026000000000000023,0.35258799999999996,0.00023400000000000019,0.8008
spotify:track:iiFGxHDwNMYq6Fk4E9MoyF,Open Echo,Taylor Stone,The Echo EP,73.0,0.565,0.823,4.0,-5.023,1.0,0.064,0.161,0.018,0.163,0.595,131.222,4.0,pop,motivational,0.4896849999999999,0.22799999999999998,0.46499499999999994,0.02849700000000001,0.6544
spotify:track:g6dsbnAGDnlKJYa6csPjSO,Street Runner,Blaze Uno,Corner Office,70.0,0.901,0.64,6.0,-2.342,0.0,0.199,0.139,0.002,0.128,0.341,86.327,4.0,hiphop,energetic,0.21824000000000002,0.299,0.57664,0.05004,0.5987
spotify:track:E6NfjhZt0gDdgbQzSPPvWc,Distant Road,Quinn Cross,Your Road,80.0,0.909,0.685,-4.583,-8.465,0.0,0.199,0.078,0.009,0.207,0.336,91.814,4.0,hiphop,energetic,0.23016000000000003,0.34900000000000003,0.622665,0.024569999999999995,0.6126
spotify:track:t8qmyFbvvPSnueB1iXKEds,Midnight Serenade,The Jazz Collective,Blue Notes,45.0,0.529,0.3321249999999998,0.0,-11.888625,1.0,0.047,0.494125,0.1365,0.28,0.681,123.539,4.0,jazz,chill,0.22617712499999987,-0.34887500000000027,0.1756941249999999,0.3300137343750001,0.5307375
spotify:track:QYghEMMO67TsKV7GhEA03K,The Less I Know the Better,Tame Impala,Currents,45.0,0.384,0.573,7.0,-5.997,1.0,0.0,0.357,0.067,0.1,0.3,96.194,4.0,indie,chill,0.17189999999999997,0.27299999999999996,0.22003199999999998,0.15243900000000002,0.4070999999999999
spotify:track:EXtGT2IvuI9IgAobsmJZq1,Silver Shadow,Jordan Blake,The Shadow Collection,79.0,0.769,0.623,4.0,-5.677,0.0,0.088,0.102,0.03,0.194,0.593,134.554,4.0,pop,happy,0.36943899999999996,0.030000000000000027,0.479087,0.038453999999999995,0.6547999999999999
spotify:track:19Smlt6MNoJKEAbkSOrrcq,Save Your Tears,The Weeknd,After Hours,77.0,0.827,0.776,2.0,-2.398,0.0,0.068,0.2,0.032,0.232,0.681,128.059,3.0,pop,happy,0.528456,0.09499999999999997,0.641752,0.0448,0.7533000000000001
spotify:track:umvMi5brH8lOJiiF94cHze,Dynamite,BTS,BE,74.0,0.765,0.678,8.0,-2.119,1.0,0.052,0.202,0.019,0.163,0.523,136.736,4.0,pop,energetic,0.354594,0.15500000000000003,0.5186700000000001,0.06504399999999999,0.6421
spotify:track:1wYqpexYss9s64UM7bi9QX,Iron Man,Black Sabbath,Paranoid,63.0,0.418,0.948,0.0,-3.276,0.0,0.112,0.013,0.03,0.157,0.253,176.483,4.0,metal,angry,0.239844,0.695,0.39626399999999995,0.0006760000000000006,0.511
spotify:track:xtX6iiHAkh6Su4VZofJNzM,Midnight Star,Drew Rivers,Star EP,80.0,0.743,0.526,3.0,-6.815,0.0,0.079,0.334,0.018,0.184,0.702,107.534,4.0,pop,happy,0.36925199999999997,-0.17599999999999993,0.390818,0.158316,0.6615
spotify:track:VJ0TX1eKgK3A6VTNRwwoWc,Bohemian Rhapsody,Queen,A Night at the Opera,70.0,0.619,0.917,6.0,-3.301,0.0,0.061,0.053,0.03,0.249,0.678,150.745,5.0,rock,happy,0.6217260000000001,0.239,0.567623,0.0043989999999999975,0.732
spotify:track:FEstV4Ek78nUplDI45LsFa,Glass Hands,The Mirrors,Reflection EP,58.0,0.54,0.674,11.0,-5.677,0.0,0.042,0.165,0.106,0.199,0.623,123.214,4.0,rock,happy,0.41990200000000005,0.051000000000000045,0.36396000000000006,0.05379,0.6134000000000001
spotify:track:EXf3Lx87EcR0UiAMiSmcke,Lost Night,Chris Banks,Night Chronicles,81.0,0.672,0.826,6.0,-4.184,1.0,0.092,0.023,0.017,0.202,0.411,113.759,3.0,pop,angry,0.33948599999999995,0.415,0.555072,0.004002000000000001,0.6137999999999999
spotify:track:toRpmF7OTyJC9lvc2jsXYJ,Peaches,"Justin Bieber, Daniel Caesar",Justice,101.0,0.756,0.812,8.0,-3.329,0.0,0.05,0.285,0.035,0.143,0.787,139.273,4.0,pop,happy,0.6390440000000001,0.025000000000000022,0.6138720000000001,0.05357999999999998,0.7852
spotify:track:6wY7rP9kDDVhbRd2E8tz2k,Hotel California,Eagles,Hotel California,67.0,0.501,0.797,2.0,-4.72,0.0,0.07,0.116,0.123,0.257,0.497,119.671,4.0,rock,angry,0.39610900000000004,0.30000000000000004,0.399297,0.023547999999999996,0.5882000000000001
spotify:track:LmEFs4p0JVVIX0t2xm8UNz,Here Comes Your Man,Pixies,Doolittle,72.0,0.386,0.654,3.0,-6.653,1.0,0.072,0.052,0.131,0.182,0.747,177.28012499999997,3.0,rock,happy,0.48853800000000003,-0.09299999999999997,0.252444,0.017991999999999998,0.6108
spotify:track:qkgTN9DM6vvRHeaIhOipVY,Ghost,Justin Bieber,Justice,86.0,0.773,1.0,6.0,-6.122,0.0,0.069,0.153,0.032,0.108,0.607,98.893,5.0,pop,happy,0.607,0.393,0.773,0.0,0.7746999999999999
spotify:track:3OyMsEGyLHcvsJ5PA1vfBf,Golden Rain,Sam Blake,The Rain EP,72.0,0.355,0.646,3.0,-4.557,0.0,0.047,0.057,0.026,0.083,0.5605,150.057,4.0,pop,happy,0.362083,0.08550000000000002,0.22933,0.020177999999999998,0.5245000000000001
spotify:track:CRdCrPm8z159ned2uyCB3J,Distant Sky,Sam Stone,Your Sky Sessions,80.0,0.665,0.76,6.0,-5.191,1.0,0.199,0.037,0.025,0.053,0.328,77.924,4.0,hiphop,angry,0.24928,0.432,0.5054000000000001,0.008879999999999999,0.5587
spotify:track:M6jtgzSGr0baQ19tHVExtU,Broken Light,Morgan Ray,Light,77.0,0.86,0.783,10.0,-5.966,0.0,0.199,0.121,0.013,0.218,0.1122499999999999,102.742,5.0,hiphop,angry,0.08789174999999994,0.6707500000000002,0.67338,0.026256999999999996,0.5378
spotify:track:iLmjDjLd3H6LBwPr3bylYC,Open Shadow,Alex Lane,Your Shadow Chronicles,85.0,0.674,0.801,1.0,-7.312,0.0,0.039,0.075,0.007,0.101,0.543,107.859,4.0,pop,energetic,0.4349430000000001,0.258,0.5398740000000001,0.014924999999999996,0.6597000000000001
spotify:track:8mrLT2veKIeYPNcKWRIXXT,Crazy in Love,"Beyoncé, Jay-Z",Dangerously in Love,67.0,0.793,0.625,3.0,-8.653,1.0,0.067,0.308,0.069,0.213,0.591,113.25,11.95,rnb,happy,0.369375,0.03400000000000003,0.49562500000000004,0.11549999999999999,0.6617999999999999
spotify:track:H4QOniD0NCNOJ1fUupBvep,Distant Rain,Casey Stone,The Rain Chronicles,68.0,0.506,0.673,3.0,-3.789,0.0,0.065,0.08,0.1365,0.099,0.562,100.429,4.0,pop,motivational,0.37822600000000006,0.11099999999999999,0.340538,0.026159999999999996,0.5785
spotify:track:0ugfxCRBnqCuyXYy21Efrt,Golden Heart,Quinn Cole,Heart Chronicles,71.0,0.676,0.744,7.0,-5.677,0.0,0.199,0.07,0.03,0.11,0.476,113.759,3.0,hiphop,angry,0.35414399999999996,0.268,0.5029440000000001,0.017920000000000002,0.6164
spotify:track:53i90ZnzUOhXiuWc7ACRBI,Fire Wave,Alex Chase,A Wave Chronicles,73.0,0.807,0.508,0.0,-6.344,1.0,0.08,0.204,0.046,0.081,0.77,129.486,4.0,pop,happy,0.39116,-0.262,0.40995600000000004,0.100368,0.7025
spotify:track:34RApa10bO0ZbJ30uBvMpb,Fire Soul,Taylor Lane,The Soul EP,63.0,0.478,0.736,6.0,-7.133,0.0,0.035,0.169,0.102,0.101,0.499,112.328,4.0,rock,motivational,0.367264,0.237,0.35180799999999995,0.044616,0.5638
spotify:track:eqMeypKS8Mn8E0NQSjxm7s,Fading Road,Drew Lane,Our Road Sessions,74.0,0.72,0.686,5.0,-7.54,0.0,0.104,0.187,0.015,0.183,0.592,112.366,4.0,pop,energetic,0.40611200000000003,0.09400000000000008,0.49392,0.05871799999999999,0.6586
spotify:track:fAgQgSyTPdNpdNKim1Ep1J,Lost Road,Jamie Cole,The Road Collection,72.0,0.358,0.819,5.0,-2.374,1.0,0.08,0.087,0.113,0.063,0.486,137.537,3.0,rock,angry,0.39803399999999994,0.33299999999999996,0.29320199999999996,0.015747000000000004,0.5475
spotify:track:I9sf8DbzVv7YvBQ9eW6aqo,Afterglow,Ember Falls,Afterglow,76.0,0.576,0.717,5.0,-7.508,1.0,0.044,0.139,0.032,0.198,0.759,130.655,3.0,pop,happy,0.544203,-0.04200000000000004,0.41299199999999997,0.03933700000000001,0.6915
spotify:track:HSXSBIwa6SRLtAhECdTcUX,Open River,Drew Blake,A River Collection,94.0,0.741,0.767,6.0,-5.677,1.0,0.038,0.226,0.03,0.127,0.7,102.449,4.0,pop,happy,0.5368999999999999,0.06700000000000006,0.568347,0.052657999999999996,0.7323999999999999
spotify:track:0mQi6MFbmkBr5EXuIcnWO3,Bag Talk,Deon Wavves,Wave Check,79.0,0.73,0.727,10.0,-3.498,1.0,0.199,0.102,0.011,0.237,0.41,98.401,4.0,hiphop,angry,0.29807,0.317,0.53071,0.027846,0.6011
spotify:track:TRRlaPeUGpqvIWyuklORkF,Life Is Good,"Future, Drake",High Off Life,73.0,0.679,0.758,1.0,-2.222,0.0,0.199,0.124,0.008,0.139,0.571,76.231,5.0,hiphop,energetic,0.432818,0.18700000000000006,0.5146820000000001,0.030008,0.6595
spotify:track:Vwb9H3LCbgyq6tMa65mpH3,Good 4 U,Olivia Rodrigo,SOUR,82.0,0.702,0.733,2.0,-4.674,1.0,0.047,0.239,0.019,0.2,0.547,129.86,4.0,pop,energetic,0.400951,0.18599999999999994,0.514566,0.063813,0.6493
spotify:track:bzC9gYtifnDSYSzcamDgIz,Wild Road,Quinn Cole,The Road Chronicles,78.0,0.784,0.828,3.0,-5.519,1.0,0.071,0.079,0.03,0.193,0.713,113.759,3.0,pop,happy,0.5903639999999999,0.11499999999999999,0.649152,0.013588000000000003,0.7687999999999999
spotify:track:W2yd0gOa0C7Q0rnG6xCVcm,Sweater Weather,The Neighbourhood,I Love You.,55.0,0.663,0.395,2.0,-11.519,0.0,0.074,0.166,0.048,0.132,0.566,116.009,4.0,indie,relaxed,0.22357,-0.17099999999999993,0.26188500000000003,0.10043,0.5438
spotify:track:mtLRHQrpadwGtlL1mJHYQL,In My Feelings,Drake,Scorpion,72.0,0.689,0.556,6.0,-6.338,1.0,0.199,0.108,0.039,0.094,0.39,100.931,3.0,hiphop,chill,0.21684000000000003,0.16600000000000004,0.383084,0.047951999999999995,0.5295
spotify:track:NGrZVbJoHW8XgRp1JYLp6P,Rather Be,"Clean Bandit, Jess Glynne",New Eyes,69.0,0.756,0.732,4.0,-4.219,0.0,0.034,0.071,0.136,0.119,0.372,118.083,4.0,electronic,angry,0.272304,0.36,0.553392,0.019028,0.5952
spotify:track:OR0ih1yijqSiS3uC4aoQDE,Titanium,"David Guetta, Sia",Nothing but the Beat,60.0,0.672,0.826,8.0,-4.185,0.0,0.055,0.043,0.1365,0.139,0.398,130.878,3.0,electronic,angry,0.328748,0.42799999999999994,0.555072,0.007482000000000002,0.6086
spotify:track:GNuiqNXcqqJ9dS5FztVVwg,Neon Storm,Jordan Ray,Your Storm Diaries,71.0,0.57,0.516,8.0,-5.942,0.0,0.04,0.284,0.046,0.198,0.72,96.129,4.0,pop,happy,0.37152,-0.20399999999999996,0.29412,0.137456,0.6137999999999999
spotify:track:JZN9WBjraMF5XGQmh492K4,Neon Shadow,Taylor Voss,Shadow EP,74.0,0.672,0.641,5.0,-5.677,1.0,0.199,0.027,0.1365,0.163,0.386,92.386,3.0,hiphop,energetic,0.247426,0.255,0.430752,0.009693,0.5483
spotify:track:fh7TO5xn0ZICUbbRDWmVWY,Dust on the Windshield,Cody Ray,Highway Miles,47.0,0.466,0.469,6.0,-11.888625,1.0,0.053,0.494125,0.011,0.183,0.721,120.644,4.0,country,chill,0.338149,-0.252,0.218554,0.262380375,0.5689
spotify:track:YeBE7EqXT4yLALjlB89emh,Real Talk,Marco Polo,The Conversation,82.0,0.693,0.795,1.0,-8.793,0.0,0.107,0.082,0.006,0.223,0.717,80.785,3.0,hiphop,happy,0.570015,0.07800000000000007,0.550935,0.01681,0.7332
spotify:track:bTCjoFPuFHS7K8oPC64ShI,Power Trip,J. Cole,Born Sinner,79.0,0.782,0.653,0.0,-4.757,0.0,0.199,0.106,0.027,0.059,0.71,104.904,4.0,hiphop,happy,0.46363,-0.05699999999999994,0.510646,0.036781999999999995,0.7145
spotify:track:EBzFE9H39Po9nKyMZOdZAL,Autumn Leaves,Bill Evans Trio,Portrait in Jazz,45.0,0.387,0.567,4.0,-11.888625,1.0,0.085,0.494125,0.1365,0.189,0.445,115.883,4.0,jazz,chill,0.25231499999999996,0.12199999999999994,0.21942899999999999,0.21395612500000002,0.46419999999999995
spotify:track:1IIPKoBAwOUKDtgudwfGf6,Bad Habits,Ed Sheeran,=,87.0,0.563,0.774,10.0,-5.252,0.0,0.117,0.04,0.024,0.13,0.79,121.073,4.0,pop,happy,0.61146,-0.016000000000000014,0.435762,0.00904,0.7171
spotify:track:J0VXhKlLHwT1sQF2XzSgKX,Golden Night,Chris Stone,Your Night Collection,67.0,0.557,0.669,1.0,-2.458,0.0,0.096,0.193,0.039,0.079,0.625,113.759,4.0,pop,happy,0.418125,0.04400000000000004,0.37263300000000005,0.063883,0.6178
spotify:track:lGhf8VLttDdrv6B7dXoanW,Fast Car,Tracy Chapman,Tracy Chapman,45.0,0.672,0.3321249999999998,7.0,-11.888625,1.0,0.076,0.494125,0.116,0.244,0.654,107.294,5.0,folk,chill,0.21720974999999987,-0.32187500000000024,0.22318799999999986,0.3300137343750001,0.5628374999999999
spotify:track:clGr0ovsNbOVcZFapXJ5Ez,Easy On Me,Adele,30,88.0,0.578,0.534,5.0,-4.662,1.0,0.083,0.205,0.016,0.074,0.732,135.588,4.0,pop,happy,0.390888,-0.19799999999999995,0.308652,0.09552999999999999,0.6264
spotify:track:pi5G2Q3uJRNVq0fP4DnzCU,Watermelon Sugar,Harry Styles,Fine Line,83.0,0.589,0.843,2.0,-3.766,0.0,0.08,0.057,0.03,0.188,0.1122499999999999,117.092,4.0,pop,angry,0.09462674999999991,0.73075,0.49652699999999994,0.008949000000000002,0.4744999999999999
spotify:track:wyNFWM0WdIG4W0wIczi5aN,Fair Trade,"Drake, Travis Scott",Certified Lover Boy,76.0,0.711,0.797,1.0,-7.998,0.0,0.199,0.139,0.03,0.061,0.353,95.873,4.0,hiphop,energetic,0.281341,0.44400000000000006,0.566667,0.028216999999999996,0.5935999999999999
spotify:track:bpUfHiXXdTgg2076zs0iew,Rising Road,Casey Voss,Our Road Chronicles,81.0,0.657,0.671,6.0,-3.901,1.0,0.164,0.088,0.04,0.238,0.51,95.101,4.0,pop,energetic,0.34221,0.16100000000000003,0.44084700000000004,0.028951999999999995,0.6024
spotify:track:EeO8DNnZOcxb1bHeoGZiAF,Fading Voice,Skylar Chase,Voice Collection,80.0,0.612,0.735,7.0,-7.674,1.0,0.05,0.17,0.028,0.174,0.828,113.167,4.0,pop,happy,0.60858,-0.09299999999999997,0.44982,0.04505000000000001,0.7353
spotify:track:w2ZmJ518y2BtU5x1yQwG21,Happier,Olivia Rodrigo,SOUR,76.0,0.617,0.786,1.0,-3.228,1.0,0.05,0.028,0.01,0.116,0.607,110.26,4.0,pop,happy,0.477102,0.17900000000000005,0.484962,0.005991999999999999,0.6637
spotify:track:DI8cShveSbbT6aM3a9PUBP,Hawái,Maluma,Papi Juancho,64.0,0.735,0.6835,1.0,-5.677,0.0,0.07,0.139,0.015,0.143,0.58,113.759,4.0,latin,energetic,0.39642999999999995,0.10350000000000004,0.5023725,0.043993500000000005,0.65755
spotify:track:zjdVmiIEaXEEwSHOlUN65P,Distant Light,Jordan Blake,Our Light Sessions,77.0,0.794,0.63,4.0,-6.814,0.0,0.199,0.086,0.036,0.167,0.5605,93.337,3.0,hiphop,happy,0.353115,0.0695,0.50022,0.031819999999999994,0.6514
spotify:track:Kc6p6IMnQnosiofKyTwX7P,Money Trees,Kendrick Lamar,"good kid, m.A.A.d city",80.0,0.723,0.725,3.0,-6.694,1.0,0.127,0.137,0.031,0.079,0.608,87.203,3.0,hiphop,happy,0.44079999999999997,0.11699999999999999,0.524175,0.03767500000000001,0.6776
spotify:track:ss5cuO9CTw0NZAH1w6bfcr,Dark Night,Casey Page,The Night Diaries,78.0,0.2570000000000001,0.844,2.0,-6.24,0.0,0.04,0.065,0.1365,0.083,0.521,154.136,4.0,rock,motivational,0.439724,0.32299999999999995,0.2169080000000001,0.010140000000000001,0.5387000000000001
spotify:track:eMXioZesbKjxNCNRwjvefj,Crystal Night,Casey Lane,Night Sessions,74.0,0.778,0.654,4.0,-3.584,1.0,0.089,0.102,0.044,0.056,0.498,116.258,4.0,pop,energetic,0.32569200000000004,0.15600000000000003,0.508812,0.035292,0.6288
spotify:track:6Qny045tDMcOuv0Z14n0QR,Midnight Wave,Skylar Woods,A Wave EP,75.0,0.622,0.552,3.0,-6.137,0.0,0.074,0.347,0.021,0.231,0.412,134.852,4.0,pop,chill,0.22742400000000002,0.14000000000000007,0.34334400000000004,0.15545599999999998,0.517
spotify:track:L61OsL8QRut44ISMPvdG2D,Sweet Child O' Mine,Guns N' Roses,Appetite for Destruction,74.0,0.577,0.626,0.0,-5.144,1.0,0.036,0.122,0.09,0.14,0.515,126.514,4.0,rock,energetic,0.32239,0.11099999999999999,0.36120199999999997,0.045628,0.5669
spotify:track:B6Ug9C5dqtELc0MalOjxvN,MIA,"Bad Bunny, Drake",X 100pre,74.0,0.757,0.816,11.0,-6.178,0.0,0.044,0.054,0.03,0.119,0.778,109.775,4.0,latin,happy,0.634848,0.03799999999999992,0.6177119999999999,0.009936000000000002,0.7831
spotify:track:f9AgQxwLhDNpLgVZk4RP1H,Wake Me Up,Avicii,True,64.0,0.734,0.845,10.0,-4.567,0.0,0.079,0.02,0.1365,0.078,0.574,144.401,5.0,electronic,energetic,0.48502999999999996,0.271,0.62023,0.0031000000000000008,0.7032999999999999
spotify:track:9BGwGHl5PXdrQR8HsZAmNW,Stubborn Love,The Lumineers,The Lumineers,45.0,0.2570000000000001,0.4,8.0,-11.433,1.0,0.079,0.363,0.077,0.136,0.326,107.118,4.0,indie,sad,0.13040000000000002,0.07400000000000001,0.10280000000000006,0.2178,0.3275
spotify:track:GcZvNSJx74jiOZg1NdcAa2,Electric Light,Riley Woods,A Light Collection,93.0,0.834,0.82,6.0,-7.735,1.0,0.119,0.262,0.025,0.135,0.804,115.889,4.0,pop,happy,0.65928,0.015999999999999903,0.6838799999999999,0.047160000000000014,0.8178
spotify:track:TuSMn6LBSMzqEcH6pAlVXS,Fading Voice,Jamie Page,Voice Collection,54.0,0.315,0.772,1.0,-7.814,1.0,0.072,0.174,0.03,0.212,0.314,119.178,4.0,rock,energetic,0.242408,0.458,0.24318,0.03967199999999999,0.4517
spotify:track:PN8Ref2vrGdmJvkkmjgofM,The Sound of Silence,Simon & Garfunkel,"Wednesday Morning, 3 A.M.",45.0,0.471,0.3321249999999998,5.0,-11.888625,0.0,0.082,0.494125,0.106,0.087,0.349,100.919,4.0,folk,sad,0.11591162499999992,-0.016875000000000195,0.15643087499999989,0.3300137343750001,0.3805374999999999
spotify:track:cPcOEC1WgRSxKrBjLggWaa,Gymnopédie No.1,Erik Satie,Gymnopédies,45.0,0.2570000000000001,0.3321249999999998,7.0,-11.888625,1.0,0.05,0.139,0.1365,0.142,0.172,113.759,4.0,classical,sad,0.05712549999999996,0.1601249999999998,0.08535612499999998,0.09283462500000005,0.24553749999999996
spotify:track:kfoWkhJdlS8goIOyiDV8nM,Silver Light,Chris Page,Your Light,80.0,0.758,0.664,0.0,-4.603,1.0,0.06,0.119,0.016,0.071,0.712,137.6,4.0,pop,happy,0.472768,-0.04799999999999993,0.503312,0.03998399999999999,0.7114
spotify:track:qyaBjAzBNaQNpUcpvjV21J,Eye of the Tiger,Survivor,Eye of the Tiger,67.0,0.672,0.672,5.0,-4.388,1.0,0.081,0.158,0.081,0.336,0.382,101.573,4.0,rock,energetic,0.25670400000000004,0.29000000000000004,0.45158400000000004,0.051823999999999995,0.556
spotify:track:aPd5WrBpJl6JPjpKHFsXr8,XO TOUR Llif3,Lil Uzi Vert,Luv Is Rage 2,90.0,0.672,0.85,9.0,-6.012,1.0,0.199,0.08,0.021,0.227,0.5605,79.975,4.0,hiphop,energetic,0.476425,0.2895,0.5712,0.012000000000000002,0.6808000000000001
spotify:track:QK467S1xdEuNppY0iFYQHW,Industry Baby,"Lil Nas X, Jack Harlow",Montero,72.0,0.775,0.6835,5.0,-5.771,0.0,0.091,0.176,0.03,0.163,0.571,126.927,4.0,pop,energetic,0.3902785,0.11250000000000004,0.5297125,0.055704,0.66595
spotify:track:3TEbp9XaKPdGzPaGivxfCB,Nocturne in E-flat major,Frédéric Chopin,Nocturnes,45.0,0.373,0.457,8.0,-11.888625,0.0,0.053,0.494125,0.1365,0.163,0.432,67.026,4.0,classical,chill,0.19742400000000002,0.025000000000000022,0.170461,0.268309875,0.4218
spotify:track:ogrPWlE5Me3ExDi6ZWrzQC,Silver Echo,Morgan Stone,A Echo Collection,77.0,0.579,0.754,6.0,-4.843,0.0,0.052,0.226,0.009,0.2,0.5605,104.473,4.0,pop,motivational,0.422617,0.1935,0.43656599999999995,0.055596,0.6241
spotify:track:s5iKZyKwvDbhazu51Ki32f,Blackbird,The Beatles,The Beatles (White Album),45.0,0.518,0.469,-4.607,-8.225,1.0,0.059,0.494125,0.03,0.248,0.647,87.231,4.0,folk,chill,0.303443,-0.17800000000000005,0.242942,0.262380375,0.5549000000000001
spotify:track:XoalVfd51dVL5K9JsQBNgB,Dark Light,Drew Ray,Our Light Collection,66.0,0.414,0.729,8.0,-2.699,0.0,0.076,0.092,0.077,0.25,0.661,135.137,5.0,rock,happy,0.481869,0.06799999999999995,0.30180599999999996,0.024932000000000003,0.6073
spotify:track:GQRrcKH7H1iWTsimoYUzCR,Fading Night,Drew Rivers,Night Sessions,68.0,0.553,0.85,6.0,-7.161,1.0,0.036,0.041,0.107,0.078,0.524,155.617,4.0,rock,motivational,0.4454,0.32599999999999996,0.47005,0.006150000000000001,0.6305000000000001
spotify:track:Obr4GIt6ibWrBgrnGdRiaE,Crystal Shadow,Skylar Lane,Your Shadow EP,76.0,0.477,0.685,8.0,-7.855,1.0,0.035,0.045,0.029,0.248,0.718,108.252,4.0,rock,happy,0.49183000000000004,-0.03299999999999992,0.326745,0.014174999999999997,0.6358
spotify:track:nBRNtp3FaBNfBMohNkyAxr,Blinding Lights,The Weeknd,After Hours,78.0,0.652,0.554,11.0,-7.444,1.0,0.039,0.3,0.03,0.211,0.831,111.83,4.0,pop,happy,0.460374,-0.2769999999999999,0.36120800000000003,0.13379999999999997,0.6942
spotify:track:rHdqIt88wcE3Fdt7EnxTDV,Lost Heart,Jamie Ray,Heart EP,81.0,0.722,0.616,9.0,-6.232,1.0,0.045,0.249,0.03,0.163,0.559,143.888,3.0,pop,happy,0.34434400000000004,0.05699999999999994,0.444752,0.095616,0.625
spotify:track:h9SAvGUiDTSIzAxL54endz,Sure Thing,Miguel,All I Want Is You,71.0,0.706,0.695,6.0,-8.028,0.0,0.162,0.312,0.078,0.074,0.732,103.701,4.0,rnb,happy,0.50874,-0.03700000000000003,0.49066999999999994,0.09516000000000001,0.7131
track_399,The Scientist,Coldplay,A Rush of Blood to the Head,61.0,0.4955604644335048,0.6435378197707382,6.993102363632332,-2.4304063282813324,1.0011612780107813,0.0787244856815831,0.1761613978334009,0.0275837095232223,0.2915843549219941,0.4187458275439186,146.50690363096675,3.9655243447916737,rock,energetic,0.26947877689570693,0.22479199222681961,0.31891190084611215,0.06279487594392844,0.5092278162788403
track_400,Iron Man,Black Sabbath,Paranoid,63.0,0.4167305587648509,0.9554736825020758,-0.2322300534611387,-3.196496670545929,-0.0166043143548542,0.1113473604275457,0.0118595653291118,0.0296777598252363,0.1561823509204717,0.2592467140504744,175.9972814240572,3.965387563900386,metal,angry,0.2477034125503694,0.6962269684516014,0.39817508159419973,0.0005280627712314064,0.5153599580002677
track_401,Breaking the Law,Judas Priest,British Steel,45.0,0.3889466003215136,0.8253290307979974,10.227092316932744,-4.308750344987401,0.0546327541861974,0.0802197930349607,0.0346611595160944,0.1367722589239619,0.3162725878945712,0.45464410651521,154.3110983669392,4.9910257764252535,metal,angry,0.37523097978821973,0.3706849242827874,0.3210089206755309,0.006054298326341426,0.5461403319419373
track_402,Raining Blood,Slayer,Reign in Blood,56.0,0.3889833412219235,0.9805776606261788,9.149417925860686,-4.743296012106595,1.016153752466163,0.0611247117609214,0.1048827352261463,0.1376643029876635,0.1568029895658233,0.9802407839375634,179.935915511543,4.044606476562741,metal,happy,0.9612022147638675,0.0003368766886153729,0.38142837475794844,0.002037068078016846,0.8029646141294561
track_403,Chop Suey!,System of a Down,Toxicity,50.0,0.4128501757380229,0.8995243322868587,6.157187339402266,-5.702437047268194,-0.0516054115775388,0.0534726206742001,0.0235824212798156,0.1381105613996669,0.1820369979583221,0.2201822363526803,141.37370982242012,2.993062129304484,metal,angry,0.19805927913657206,0.6793420959341784,0.3713687786652573,0.002369459524382065,0.48178524694853664
track_404,Lost Night,Chris Banks,Night Chronicles,81.0,0.6698503264739637,0.816835822693687,5.819294030994168,-3.922555506685846,1.0047512958926832,0.0910827193414687,0.0221454585206767,0.0144546553236503,0.1998693120889331,0.4115264171272368,114.04931750181464,2.959826814757774,pop,angry,0.3361495194943119,0.40530940556645023,0.547157742506995,0.004056254691010826,0.61061641160119
track_405,The Scientist,Coldplay,A Rush of Blood to the Head,61.0,0.5054991718766138,0.6472247863809488,7.278751706917699,-2.396865033127805,0.9831361193449678,0.0801908993204829,0.1798983976004031,0.0265279182010578,0.2909822320922253,0.4288433508348838,145.57373389015171,3.993432240350103,rock,energetic,0.27755804613499796,0.21838143554606504,0.3271715935335879,0.06346369564320721,0.5173545278112223
track_406,The Less I Know the Better,Tame Impala,Currents,45.0,0.3910460218741927,0.5833901983499664,6.721435727567946,-6.079384259692428,1.0217220127483353,0.0004068061819377,0.3516435488276748,0.069891700319877,0.0914822503843574,0.2900998588341517,95.20002646238328,3.992711156005045,indie,chill,0.169241414186553,0.29329033951581474,0.22813241626515057,0.1464981491286115,0.4083708096009084
track_407,Raining Blood,Slayer,Reign in Blood,56.0,0.3706896310956344,0.981448328149396,9.116615397808694,-4.985927034828697,0.979804701575085,0.0610760750100208,0.0969010854818944,0.1372521092331573,0.1483933709436355,1.0,178.25128143597203,3.927922672651041,metal,happy,0.981448328149396,-0.018551671850604023,0.36381271870112675,0.0017976771398274345,0.805641387773509
track_408,Raining Blood,Slayer,Reign in Blood,56.0,0.3799813877193039,0.9896880977114372,9.435269262116234,-4.836627973697144,0.9970762447425424,0.0608335089637958,0.0954577150960519,0.1348059888697299,0.1590578155953028,0.9818102612406884,176.27885382670152,3.998548908654498,metal,happy,0.9716859297608661,0.0078778364707488,0.37606305677766994,0.0009843506307599557,0.8036249501254977
track_409,Lost Night,Chris Banks,Night Chronicles,81.0,0.6677452392022333,0.8287705051846154,5.803168797277264,-4.205477750502309,1.012868267422206,0.0909025681059422,0.0247242649161489,0.020510642587326,0.2080868388214456,0.4102765815460445,113.84270349741529,2.9938280150655965,pop,angry,0.3400251297533324,0.41849392363857085,0.5534075592282567,0.004233523391273914,0.6130653559344724
track_410,B.Y.O.B.,System of a Down,Mezmerize,60.0,0.4117240115589496,0.6785577168726599,5.887469989349293,-1.0993750410464362,1.022061485159067,0.1102584267313324,0.0625801572366159,0.1367618004578726,0.1430784972731869,0.5472422194849141,151.706334344041,5.018606897768737,metal,motivational,0.3713354310300104,0.13131549738774573,0.27937850526509345,0.020115908620605753,0.5459814063234485
track_411,Chop Suey!,System of a Down,Toxicity,50.0,0.4172215198158486,0.9107686633228158,6.019801896755856,-5.631515560100644,-0.0305863846374324,0.0539892747551948,0.021774835673821,0.1391690427390865,0.186133421389793,0.2308639269641942,141.72121230351155,3.049415430217664,metal,angry,0.21026363017063532,0.6799047363586216,0.37999228591219414,0.0019429976931010825,0.49074262572727695
track_412,Rising Night,Alex Ray,A Night Sessions,64.0,0.3214336664172079,0.8657829474565226,-4.8220465263383785,-3.836999828687886,-0.0085238807689377,0.0468080142674515,0.0221893273524083,0.0841528111107166,0.0701517122848715,0.5055189040255142,153.57624945634407,4.030108716889204,rock,motivational,0.4376696467222007,0.3602640434310084,0.2782917871224469,0.0029781861151626046,0.5583725457723249
track_413,Fading Voice,Jamie Page,Voice Collection,54.0,0.2991630717018927,0.7717255355655309,0.6918649620298962,-7.895388156766576,0.9878972728040176,0.0719723302606762,0.1734189013855823,0.0346639849228167,0.2233927167552852,0.3045804963208431,120.39150130196444,3.992813647462611,rock,energetic,0.23505254664601788,0.4671450392446878,0.2308717817305725,0.03958710683660781,0.4430987807085643
track_414,Lost Night,Chris Banks,Night Chronicles,81.0,0.6668374890005424,0.837986785221238,6.013624268440169,-4.329596998146585,0.9833516295767354,0.092155319164522,0.0251463203978578,0.0209727727611461,0.2061427390814447,0.4067900208087567,113.1624874826182,2.9704268511421428,pop,angry,0.34088466179761057,0.43119676441248134,0.5588010036725672,0.0040740362075136986,0.6141632905900368
track_415,Holy Wars,Megadeth,Rust in Peace,52.0,0.2737009287465832,0.9159300487491662,0.7889077741778413,-4.520916035088625,1.044987939758545,0.0766913855790237,0.0396873958248691,0.1359365322314252,0.2675266692741867,0.1710165406549401,176.9644806846572,4.068775933690407,metal,angry,0.15663918841899305,0.7449135080942261,0.25069090500955,0.003336517432269291,0.42529590951070084
track_416,Fast Car,Tracy Chapman,Tracy Chapman,45.0,0.6548851881407779,0.6897966214422913,3.094108378821956,-3.300688667452449,0.0103198895787427,0.0862168718735733,0.2388563043210508,0.0711989066260772,0.2314642341599956,0.3836843901934791,115.06524306799878,4.001582679221882,country,energetic,0.2646641960556077,0.30611223124881215,0.45173759021210785,0.0740940325901982,0.5568782989523124
track_417,Don't Stop Believin',Journey,Escape,60.0,0.317663190033792,0.6326668703811454,9.81729960502681,-7.030422739165143,-0.0321302983027811,0.0617242529898746,0.1731973119982738,0.0874606462353157,0.1850557010654637,0.560148864071448,106.22035692260307,4.000372275985561,rock,happy,0.3543876287796367,0.0725180063096974,0.20097497627397026,0.0636211106578991,0.5091585637530605
track_418,Holy Wars,Megadeth,Rust in Peace,52.0,0.2700332649871138,0.933709295099694,1.3079901719310496,-4.597732091592848,1.0233892881721969,0.0747323353426719,0.0360672804032572,0.1395975535009153,0.268752872136872,0.1476323656707676,177.72141368683626,3.9993552299257735,metal,angry,0.13784571208435267,0.7860769294289265,0.2521325695045869,0.0023909254417689117,0.42017571429434936
track_419,Lost Night,Chris Banks,Night Chronicles,81.0,0.6854565102326081,0.8267029822515676,5.84435837065668,-4.167355006016923,1.054077547279972,0.0917118314440846,0.0235218772347571,0.0148161382974215,0.1992012915261256,0.4168001102777601,114.64436993390498,3.0052940379166744,pop,angry,0.34456989416940653,0.4099028719738075,0.5666689412130492,0.00407627117662815,0.6203678918563568
track_420,Faded,Alan Walker,Different World,62.0,0.6839270878793062,0.7027731708090841,10.936002593769484,-4.7659658668491405,0.0263096510148404,0.0894545717958928,0.0588698574735042,0.1380527050286329,0.0507372650402372,0.5107817875383223,134.77744025132793,3.9961418057026217,electronic,energetic,0.35896373641983864,0.19199138327076182,0.48064560815116314,0.0174977010717708,0.620322792621846
track_421,Fast Car,Tracy Chapman,Tracy Chapman,45.0,0.6526199943647081,0.6818170866229715,3.1616554267299577,-3.4679504738189744,-0.0387171317951571,0.0880926944255655,0.24113095631537,0.0713954777724157,0.2326075001956575,0.3629413030969906,117.2270865440742,3.984668237960321,country,energetic,0.24745958189273495,0.3188757835259809,0.4449674632296453,0.07672375018581341,0.5455076455351001
track_422,Fading Voice,Jamie Page,Voice Collection,54.0,0.3019190088695135,0.7747358508620216,0.7554128024934075,-7.799224969488209,0.9876605732382656,0.0730769321997214,0.1766607734646469,0.0260195352625141,0.2079979710716358,0.3052758703041188,120.76354696207744,3.985384580021318,rock,energetic,0.23650816112770562,0.4694599805579028,0.23390748022794078,0.03979533882057084,0.44510680604110797
track_423,Fast Car,Tracy Chapman,Tracy Chapman,45.0,0.6470018777633755,0.6948221936689776,3.0451989607685097,-3.3774053667369297,0.0322838854491988,0.0887282059133191,0.2487533687823638,0.0663219917893723,0.2412428940807469,0.3963175832041173,116.69355130432916,3.999124632032538,country,energetic,0.27537025255147235,0.29850461046486026,0.4495512640154962,0.07591400740245362,0.5610742547113529
track_424,Electric Feel,MGMT,Oracular Spectacular,45.0,0.2580184097275615,0.4540295152382295,4.259744619079744,-9.407854671562248,0.9819669122190612,0.074027805095811,0.3611253235288701,0.058384710562433,0.2222623127220579,0.3557771303445099,140.7320905839,3.9854763620780815,indie,chill,0.16153331802316623,0.09825238489371957,0.11714797349114363,0.19716376794680845,0.3559252296275413
track_425,Under the Bridge,Red Hot Chili Peppers,Blood Sugar Sex Magik,75.0,0.3634324225689856,0.6258061045819512,0.6805741996654434,-4.913611868449439,1.011309566253009,0.0879027761700448,0.0245043180834253,0.0563902653503702,0.1759704990059822,0.5320631748189676,127.7739801925652,3.980948395082968,rock,energetic,0.3329683828249638,0.0937429297629836,0.22743822864667848,0.009169366238199849,0.5095968280728681
track_426,Master of Puppets,Metallica,Master of Puppets,54.0,0.4904493831915535,0.9221560231990572,7.036688916414507,-2.622101136592701,1.0197395034861103,0.1165892657617169,0.032900110363054,0.1076239765291564,0.0864762056204696,0.3213877820615346,138.7722583571615,4.002844467482996,pop,angry,0.29636967901063005,0.6007682411375226,0.4522708527843535,0.002561075427850033,0.5523367347417971
track_427,Breaking the Law,Judas Priest,British Steel,45.0,0.3774853768185266,0.8360129249782773,10.051641763821346,-4.205904347794578,-0.0236203755748861,0.0814291346624697,0.0376607541504721,0.1399002075436104,0.3142862842928003,0.4639479546164525,151.49061808331174,4.993185447221273,metal,angry,0.3878664865765895,0.3720649703618248,0.3155826540105836,0.006175876916248123,0.5496286723856222
track_428,Breaking the Law,Judas Priest,British Steel,45.0,0.3803218822871395,0.8315185727932947,10.155357387976428,-4.208715584702734,-0.001516846526811,0.0808277153218397,0.0339795847744853,0.1366676949104568,0.3108130085047176,0.4612957002404853,155.320765616096,5.0401959033956185,metal,angry,0.3835759422996518,0.3702228725528094,0.31624470876146166,0.005724928938696519,0.5480704166203243
track_429,The Less I Know the Better,Tame Impala,Currents,45.0,0.3784755719404379,0.5689414900909107,6.754203364426082,-6.129412378716706,0.9174048601717648,0.0001284042294289,0.3686999789757105,0.0706859619063037,0.105635983422234,0.3127844683382245,96.95934265532728,3.929149851673654,indie,chill,0.1779560614936427,0.2561570217526862,0.2153304558628024,0.15893126354078232,0.40933890594469435
track_430,Fast Car,Tracy Chapman,Tracy Chapman,45.0,0.6690062574826994,0.6874321582642312,2.737609760790673,-3.473137479458801,-0.0261038142174717,0.0877878748280529,0.2366813132354051,0.0658764872620505,0.2369941172998373,0.3927853101383881,116.14498845910232,4.029171747680072,country,energetic,0.27001325348291755,0.29464684812584313,0.459896415473608,0.07397896725717802,0.5640456487794344
track_431,Iron Man,Black Sabbath,Paranoid,63.0,0.4178760783984204,0.9487437142185796,0.1037159198556473,-3.226498249841164,-0.0064360324502058,0.1109168312687921,0.0085134191529629,0.0261448220235872,0.153161900256321,0.2566959555090837,176.8104498436697,4.03330302760756,metal,angry,0.24353867425457532,0.692047758709496,0.3964573027028117,0.0004363662450812843,0.5126643199887334
track_432,Rising Night,Alex Ray,A Night Sessions,64.0,0.3292888753155305,0.8614208203343945,-4.66298565702273,-3.780618325779869,-0.0317964597105744,0.0487699232212553,0.0107974828951453,0.0838742817464364,0.0682956938634886,0.5004909154665791,151.86963388628843,3.944586315151751,rock,motivational,0.4311332949711326,0.3609299048678154,0.2836562931012945,0.001496306322062643,0.5574092748816092
track_433,Paranoid,Black Sabbath,Paranoid,45.0,0.2645520030864153,0.8596215487347914,9.049775871672876,-2.7474970562004657,0.0415976918159895,0.0526682241197009,0.0316521590851498,0.1373692356020838,0.1037599685186984,0.5551618581173308,172.81953874645757,2.9908412888018105,metal,motivational,0.47722909627330434,0.3044596906174606,0.22741460261403562,0.004443281071573333,0.5593168087932943
track_434,The Less I Know the Better,Tame Impala,Currents,45.0,0.3727911105193792,0.5704897697876428,7.068843328635556,-5.626701180051031,0.9635566231681814,0.0,0.3541909240750717,0.0669260036560877,0.0948832557529028,0.2952645047066747,96.34513641979392,3.9900728252856936,indie,chill,0.16844537931657322,0.27522526508096806,0.2126735148190803,0.15212862533861157,0.4010900659747764
track_435,The Scientist,Coldplay,A Rush of Blood to the Head,61.0,0.4929176320841649,0.6379960468649674,6.864871100197331,-2.4021298168734253,0.9887866281623636,0.0805331187675308,0.1759440020628237,0.0253208644944117,0.2954271149552641,0.43031832367592,146.23894758063614,3.962382667646345,rock,energetic,0.27454138939879646,0.20767772318904737,0.3144795006997376,0.06369242427714052,0.5114014331551077
track_436,Lost Night,Chris Banks,Night Chronicles,81.0,0.6540077486273003,0.8147879650512471,6.046151537696481,-4.074857014678172,1.0033315784010397,0.0930480109991545,0.0238035445167952,0.0167982991924486,0.2090653735256542,0.4063912095906997,114.6078528541938,2.979211974609425,pop,angry,0.33112266667712104,0.4083967554605474,0.5328776426317855,0.004408702918948869,0.6031951979398441
track_437,Reptilia,The Strokes,Room on Fire,72.0,0.9878055714733346,0.6232685869383977,9.058236942897269,-2.126307721909077,1.0367270441933307,0.0628262160615233,0.0128259806262752,0.0550476611869074,0.0528249103414814,0.4711723534765898,110.6735858861626,3.9703186120302862,rock,energetic,0.2936669269557934,0.1520962334618079,0.6156681827020617,0.004831949805237391,0.6717911889141557
track_438,The Scientist,Coldplay,A Rush of Blood to the Head,61.0,0.4928074352403174,0.6429999528115328,6.858049982409003,-2.394392623319662,0.9634108443679906,0.0798318100751747,0.1900242624761728,0.03151563548033,0.2940831430167551,0.4487207598665255,146.37285358593212,4.046831397487583,rock,energetic,0.28852742741973103,0.19427919294500728,0.3168751576046966,0.06783867067094737,0.5202305203621652
track_439,Back in Black,AC/DC,Back in Black,63.0,0.3687800576105687,0.9740391743553132,2.370751310901793,-4.424301574231087,0.0296401569733912,0.1119837875995097,0.0140780546304463,0.1373297029791378,0.136592441227806,1.0,136.0834652038591,4.025007056938321,metal,happy,0.9740391743553132,-0.025960825644686825,0.3592062228337032,0.0003654779216773924,0.8028457695897646
track_440,B.Y.O.B.,System of a Down,Mezmerize,60.0,0.4175733776592833,0.6817028204486146,6.094156167064735,-1.0950529473938275,1.000260762540422,0.1098122056811221,0.0639176401493158,0.1343728183589256,0.1421975003688677,0.5569308087430357,152.81642692904106,5.033983739384821,metal,motivational,0.3796613031148554,0.12477201170557894,0.28466094929458796,0.02034480458310761,0.5525551829295836
track_441,Enter Sandman,Metallica,Metallica,45.0,0.2819382024340756,0.8131567993578983,3.7632740019592297,-4.89227879821478,-0.025011156368916,0.0891003508329733,0.0921998270680913,0.1198369914020755,0.0968079774417147,0.1261504686187012,137.2172060253111,5.019287497208969,metal,angry,0.10258011129948205,0.6870063307391971,0.22925996630801213,0.01722691078805046,0.3789886879850726
track_442,Back in Black,AC/DC,Back in Black,63.0,0.3592354870780161,0.9707774226932946,2.1304649139669856,-4.416761422858172,0.0117754868905922,0.1111035665476182,0.0116282931112518,0.1341027364451105,0.1358029934477776,0.9955325339742006,138.5815962617477,3.969824822144106,metal,happy,0.9664405075387992,-0.024755111280906017,0.34873770028556683,0.00033980869438858573,0.7972168865210735
track_443,Reptilia,The Strokes,Room on Fire,72.0,0.9864252973056056,0.6183744530989265,8.806319303436613,-2.264649902658236,1.0050725107388725,0.0632908732644692,0.0039460772333155,0.0578581416188131,0.0581795435413292,0.4456873275889294,111.97438276073032,3.985981606222583,rock,energetic,0.2756016574509263,0.17268712550999704,0.6099802037442998,0.0015059238822779028,0.6597148561569315
track_444,Lost Night,Chris Banks,Night Chronicles,81.0,0.665390919324229,0.8198537281135506,6.156402955922626,-4.176130804528519,0.984705057715128,0.0918053239662593,0.0327853686878986,0.0191617245506711,0.1989252530698673,0.399963824717599,113.16108481382604,3.0130790852994123,pop,angry,0.32791183280527825,0.4198899033959516,0.545523225860872,0.005906161941547665,0.6055589241183735
track_445,Holy Wars,Megadeth,Rust in Peace,52.0,0.2787707532211026,0.934764384990914,1.23022655050554,-4.255530477298246,1.0017787218285827,0.0739071985473015,0.042301674185481,0.1342690568736591,0.269000765603586,0.1395192263462523,176.12268836880307,3.967337260401983,metal,angry,0.13041760380996265,0.7952451586446616,0.26058497168817785,0.002759575731403832,0.4198682320021059
track_446,Iron Man,Black Sabbath,Paranoid,63.0,0.4277057196484389,0.9510954465709148,-0.1630792164569412,-3.45546905955572,-0.0098186996231662,0.1115745462056082,0.0104932240786277,0.0311407825869377,0.1568141049988998,0.2491517536921249,176.335880274966,4.019055684592948,metal,angry,0.2369670984417381,0.7019436928787899,0.4067889624299665,0.0005131664375966114,0.5133010513426561
track_447,Breaking the Law,Judas Priest,British Steel,45.0,0.3861548506898359,0.8434501306742431,10.191434152774272,-4.244041253772799,0.0028926898093376,0.0815466427927927,0.0238468302471971,0.1352998951703715,0.3131158256566146,0.4632016379539651,153.63617556648148,4.993577033562516,metal,angry,0.3906874820607953,0.38024849272027805,0.32570235927483493,0.0037332181590322123,0.5541621495908098
track_448,The Scientist,Coldplay,A Rush of Blood to the Head,61.0,0.4748130605406953,0.6423374462223606,7.082024418740218,-2.6120034788209487,1.0168726519317175,0.0782537357938711,0.1872336547153378,0.0282055316466741,0.2886417616068037,0.4443530475792196,147.3907606873947,3.989982492547968,rock,energetic,0.285424601803159,0.19798439864314094,0.3049902087407333,0.06696646709860848,0.5128863710606046
track_449,Fast Car,Tracy Chapman,Tracy Chapman,45.0,0.6549755009132197,0.6854731018022974,3.1633530097756,-3.428358939085694,0.0404154507960661,0.0859115364095668,0.2403880208300901,0.068757763684202,0.2328657853906884,0.3935790861976816,114.23050220518816,4.019001204405209,country,energetic,0.2697878770204386,0.29189401560461575,0.4489680882154981,0.07560849855557296,0.5595662152937277
track_450,Chop Suey!,System of a Down,Toxicity,50.0,0.4114644574084204,0.9074296674520288,6.376915045536128,-5.572337341307629,-0.0315424596247533,0.0533225955699875,0.0256135744939389,0.1341569892295282,0.1867951579845594,0.2356013642738578,142.94995406808957,3.0118734364363884,metal,angry,0.2137916676342711,0.671828303178171,0.3733750557544524,0.0023710571086461574,0.48990878316767783
track_451,Breaking the Law,Judas Priest,British Steel,45.0,0.3767849995053745,0.8143002321895986,9.9512384990017,-4.303821833866418,0.0543547234318143,0.0813242891990552,0.0244810735691296,0.1352469539668152,0.315853533147755,0.4720800413367507,153.3861947867574,4.990352773423482,metal,angry,0.3844148872725914,0.3422201908528479,0.30681611258278424,0.004546129677536722,0.5461575860431922
track_452,Rising Night,Alex Ray,A Night Sessions,64.0,0.3446159623058172,0.8537968763499526,-4.871776229303386,-3.933585630205848,-0.0497438032233148,0.0453289035497229,0.0107975770509993,0.0812889044977542,0.0653827732512253,0.4807932663314221,152.6867221292712,4.0309843923033215,rock,angry,0.410499788963859,0.3730036100185305,0.29423203215703975,0.0015786394927081646,0.5518411581292998
track_453,Enter Sandman,Metallica,Metallica,45.0,0.2924658801743403,0.8244614255697841,3.823243034525442,-4.88675021529182,-0.0038678423693489,0.088376434775725,0.0970280167569086,0.1254466614702164,0.099367557203675,0.1155794255255834,133.83224800674003,4.971107367247967,metal,angry,0.09529077793535917,0.7088820000442007,0.24112683649905822,0.017032159741298836,0.38130996193347066
track_454,Electric Feel,MGMT,Oracular Spectacular,45.0,0.2655503298730519,0.4768709768135089,3.837888913804208,-9.232681603148077,1.014991710597965,0.0743071900299944,0.3562510143497279,0.0630798101857754,0.2217803416899527,0.3664391617133422,136.60148827634293,4.016461571525,indie,chill,0.17474420098896482,0.1104318151001667,0.12663324519971175,0.18636524514596978,0.3693020566913051
track_455,B.Y.O.B.,System of a Down,Mezmerize,60.0,0.4082949212471013,0.6820263164802967,5.984678984696544,-1.2381979627988555,1.0071603358103989,0.1090830114527743,0.0645953285685561,0.1349163472009442,0.1378227353701504,0.5443129564880973,153.22777601735234,5.015851297878445,metal,motivational,0.371235760726077,0.13771335999219936,0.2784678811757733,0.02053961456310931,0.5448215539134583
track_456,Back in Black,AC/DC,Back in Black,63.0,0.35916103913303,0.9763101638594556,2.067790904594576,-4.373195446014225,-0.0158678530693061,0.1101367853661583,0.0123278479094831,0.1369842897403413,0.1410105840898036,1.0,137.0937523116415,3.9917270234199376,metal,happy,0.9763101638594556,-0.02368983614054443,0.35065257296790087,0.0002920446969412078,0.8006413608977456
track_457,Stubborn Love,The Lumineers,The Lumineers,45.0,0.2605240293500759,0.4057466158455482,7.852773417143816,-11.42263983400226,0.9888620530115684,0.0787395375793961,0.3481187728725619,0.0768718298042287,0.1367796422025405,0.3258413226327403,107.2675396689332,3.987645173223527,indie,sad,0.1322090139608718,0.07990529321280793,0.10570674325523957,0.20687075886721484,0.33021772261178334
track_458,Requiem in D minor,Wolfgang Amadeus Mozart,Requiem,45.0,0.2820190586428006,0.4533782125274862,2.842834226744376,-11.595733408606613,1.0160559704434042,0.0571454753043311,0.4936397197102724,0.1358903827536137,0.096064096495289,0.1413028582317479,116.83095335245764,2.9883875998650176,classical,sad,0.06406363729013466,0.3120753542957383,0.12786129670615723,0.26983422595545975,0.2771403246437852
track_459,Shake It Out,Florence + The Machine,Ceremonials,50.0,0.5615951447208369,0.368018679644779,6.062123472245578,-8.409279458960402,1.0067469585004456,0.0430081746755678,0.1063553035686049,0.0826845742502201,0.1680307663817933,0.3120505016625986,143.0687256116323,2.991737027431707,indie,sad,0.11484041360436047,0.0559681779821804,0.206677503655081,0.06721456517606726,0.4037043479747242
track_460,Stubborn Love,The Lumineers,The Lumineers,45.0,0.2678054137021988,0.4003197060620079,8.03534824647115,-11.346162207954675,0.9869052394992136,0.0790634089106759,0.3627143695032768,0.0755285096281526,0.1323568033233373,0.3222268663929132,105.81797468980382,4.005936774767752,indie,sad,0.1289937644396929,0.0780928396690947,0.10720778449507865,0.2175126597192585,0.3293282824864273
track_461,Breathe (2 AM),Anna Nalick,Wreck of the Day,51.0,0.5463387560834699,0.4939018072123083,2.029814612710113,-5.121069371085232,1.0170008396418648,0.0734981811408896,0.4629382454857477,0.0429271951584092,0.1035595654875645,0.322403157565286,142.6468224250041,2.987204904881036,indie,sad,0.15923550217244933,0.17149864964702233,0.2698376989797503,0.2342922094126417,0.4410334320148479
track_462,Shake It Out,Florence + The Machine,Ceremonials,50.0,0.5553388725623696,0.3653370185476285,6.041235584871991,-8.23271717694803,1.0058074150732057,0.0430159113997521,0.1022214223189373,0.0862779671589359,0.1663300554059563,0.3127845726872064,143.11785669281832,3.0335614941659914,indie,sad,0.11427178323323797,0.052552445860422126,0.20288584798553752,0.06487615265723873,0.401316596407882
track_463,Shake It Out,Florence + The Machine,Ceremonials,50.0,0.5682040139748907,0.3577000662570531,5.91906086868679,-8.035206686598741,1.0153616501188063,0.0433232881906167,0.0916037882807003,0.0825060079195467,0.1703067972054261,0.3094257450514475,142.9524941501506,2.976090614138489,indie,sad,0.11068160950654078,0.0482743212056056,0.20324661344634193,0.05883710714329674,0.40154152209016214
track_464,Stubborn Love,The Lumineers,The Lumineers,45.0,0.2624447059609779,0.3991931901255741,8.027643719258997,-11.424866153670033,1.0118988666714537,0.0799420465883847,0.3688504473627912,0.0772534219773172,0.1339523309382708,0.321311416222391,107.8683438586222,3.995005645230322,indie,sad,0.1282653292655824,0.07788177390318307,0.10476613940413104,0.22160786060079343,0.327015935314922
track_465,Fire and Rain,James Taylor,Sweet Baby James,45.0,0.254669228156448,0.3334366013697226,1.0348826015406427,-10.181375354736348,-0.0156665331215219,0.0666227349272644,0.4973277051815521,0.0029169796745655,0.3420533379663934,0.2547000210299756,115.03069022766168,3.988247693125818,folk,sad,0.08492630938103192,0.07873658033974701,0.08491604190993648,0.331500445398812,0.2783117572698414
track_466,Breathe (2 AM),Anna Nalick,Wreck of the Day,51.0,0.5518492914006663,0.5004280022828166,1.914975174588944,-5.007512892376967,0.9894135734176096,0.0753977928699632,0.4727889463636127,0.0367409224978977,0.1014303756273342,0.3243229443530274,142.63553274843397,3.038672110639219,indie,sad,0.1623002831370666,0.1761050579297892,0.2761608384568234,0.23619211843347226,0.4454123658462559
track_467,Stubborn Love,The Lumineers,The Lumineers,45.0,0.2537121984728739,0.3980964995847201,8.222071585585663,-11.34700525802866,1.014122521682179,0.0785018569148904,0.3585107143683724,0.0783862500598709,0.1404478285820798,0.3358921776620793,105.71238145201076,4.00525314736743,indie,sad,0.13371750016516268,0.062204321922640804,0.10100193811399487,0.21578885391470595,0.3298994804821099
track_468,Breathe (2 AM),Anna Nalick,Wreck of the Day,51.0,0.5446957951352194,0.4920305685053935,2.0563973981963155,-5.009418920070656,1.011534913785753,0.0745662890119117,0.4717464133529225,0.0393094782459362,0.0978136113903758,0.3085638387143383,140.88396578038223,3.027577205307894,indie,sad,0.15182284098282242,0.18346672979105522,0.26800698174287935,0.2396327574005037,0.43444344457791917
track_469,Breathe (2 AM),Anna Nalick,Wreck of the Day,51.0,0.5497166455625243,0.4931571490948984,1.858206522300908,-4.889609826051128,0.9996049970026144,0.0741190211017611,0.4804524178122806,0.0424557423410702,0.0988430735053354,0.3331791423102105,141.38391331640727,2.9602967289766253,indie,sad,0.16430967595958684,0.15997800678468788,0.2710966937356252,0.24351387316822531,0.44613379532131103
track_470,Shake It Out,Florence + The Machine,Ceremonials,50.0,0.543425883586728,0.3683620845839804,6.078145510092667,-8.167233443798438,1.0022172791300927,0.0444215659783024,0.1113443914191037,0.0830527317490453,0.1658041391521818,0.3211958467890791,142.77692209108514,3.007137218570926,indie,sad,0.11831637168294196,0.04716623779490131,0.2001774912948986,0.07032933928922801,0.40201472916684416
track_471,Requiem in D minor,Wolfgang Amadeus Mozart,Requiem,45.0,0.2707622551493764,0.4642074355262886,2.8839896768576496,-11.971077014958311,1.024145596950953,0.0564752727173067,0.4855134205671957,0.1318952866713566,0.0930953598250085,0.1263627392564312,117.97326389599088,3.023776383128186,classical,sad,0.05865852313630501,0.3378446962698574,0.12568985210020667,0.2601344806921014,0.27103600290527197
track_472,Breathe (2 AM),Anna Nalick,Wreck of the Day,51.0,0.5440107483464802,0.4930542992201475,2.093681806080579,-4.645710227408017,0.9888203515885664,0.0734548733203459,0.4854034918447641,0.0368477252592321,0.1016174489727217,0.3237460489583612,141.3068508096346,3.002199132116326,indie,sad,0.15962438129445633,0.1693082502617863,0.2682268382942018,0.2460732133342314,0.4406179338533328
track_473,Body Like a Back Road,Sam Hunt,Montevallo,46.0,0.5308142844871829,0.5208851262095193,4.137900456751792,-8.124785339429955,1.010339168667933,0.0786108890989766,0.4894925206032757,0.0091226769298212,0.1892451334756393,0.5580569307401828,142.56160769357777,4.028476160827328,country,relaxed,0.29068355480069713,-0.03717180453066349,0.27649326556892195,0.2345231472302227,0.5387325955050838
track_474,Shake It Out,Florence + The Machine,Ceremonials,50.0,0.5592294851405689,0.3653565459657587,5.902319266015344,-8.429256902657182,0.9961789180338244,0.0416212193538783,0.0960732403789851,0.0856626181649123,0.1660467707205106,0.303742406479751,142.1802195537974,2.9861748846399223,indie,sad,0.11097427649476929,0.06161413948600769,0.20431815309316784,0.06097225311438105,0.39887277192379866
track_475,Fire and Rain,James Taylor,Sweet Baby James,45.0,0.2515578572236902,0.3356826347564013,1.1146646946127494,-10.021406498236384,-0.0041137880630895,0.065658692825548,0.4931899527321544,0.0,0.3437279124413454,0.2488840846196831,113.2920692604191,4.03766639471501,folk,sad,0.08354606527407035,0.08679855013671822,0.08444360430652294,0.3276346499636398,0.2757257814419007
track_476,Requiem in D minor,Wolfgang Amadeus Mozart,Requiem,45.0,0.2729801532439651,0.4604215027052963,3.049130757439743,-11.972365942884366,1.0207649306908038,0.0565071898259368,0.4850808324801732,0.138129211794732,0.100811482101207,0.1326954356476656,116.50392937919804,3.0614406367548623,classical,sad,0.06109583188303213,0.32772606705763074,0.12568593236530848,0.2617391866561158,0.27309867104384467
track_477,Body Like a Back Road,Sam Hunt,Montevallo,46.0,0.5483983130886654,0.5177965640121134,4.097844729942619,-8.097135039016122,1.015598902767923,0.0790976319316042,0.4892881642598483,0.0047610396968747,0.1877723535267869,0.5720251671184263,141.71405571170115,3.990302731572318,country,relaxed,0.2961926660623761,-0.054228603106312945,0.2839587622273501,0.2359364339943043,0.5486685299776042
track_478,Body Like a Back Road,Sam Hunt,Montevallo,46.0,0.5363981887678403,0.5175598670230216,4.2257635221564245,-8.305283758319227,1.0153738870429454,0.0792218595384437,0.48366000248758,0.0088314136255917,0.1940456334274379,0.5666542154583487,141.38690724735636,3.988093444285531,country,relaxed,0.2932774804006576,-0.04909434843532712,0.27761817525007304,0.2333369959157538,0.5428491029205981
track_479,Fire and Rain,James Taylor,Sweet Baby James,45.0,0.2584790911912525,0.3267498091954474,0.9707929722058422,-10.059518486404825,0.02467123046854,0.0672179637692756,0.5112893902569426,0.0,0.3366828441301706,0.2623633693789077,113.01386189033173,4.038843334033071,folk,sad,0.08572718088443278,0.06438643981653969,0.08445799372775441,0.34422567954683,0.280514017867573
track_480,Requiem in D minor,Wolfgang Amadeus Mozart,Requiem,45.0,0.2728918635713407,0.464087589158109,2.9102874521372764,-11.82472506680745,1.0003969352966948,0.0576169916812321,0.4944330722884581,0.1348370002879509,0.089664291437793,0.1447466366701633,118.38251908503132,3.0422158413358265,classical,sad,0.06717511765100082,0.3193409524879457,0.1266457270656871,0.2649728197700706,0.2789924904869002
track_481,Shake It Out,Florence + The Machine,Ceremonials,50.0,0.5531377772562531,0.3659588025734155,5.894126606077887,-8.06344932145565,1.0128876997706289,0.0426254883956873,0.0968870015501383,0.0851209260668551,0.1623748065735828,0.305573914376362,142.0320766647338,2.9860259779796654,indie,sad,0.11182746380284483,0.06038488819705351,0.202425638622819,0.06143035047792103,0.3979585396994454
track_482,Tennessee Whiskey,Chris Stapleton,Traveller,54.0,0.4447869605876021,0.5010187806794588,3.902899153977503,-6.808882757080482,0.9941365094425936,0.0654167713853045,0.1408693885640563,0.0028048666503993,0.2394133903330911,0.4195500852059887,123.1999825358808,3.988770034942773,country,relaxed,0.2102024721238675,0.08146869547347013,0.22284662065572292,0.07029117927063191,0.45156175646251373
track_483,Requiem in D minor,Wolfgang Amadeus Mozart,Requiem,45.0,0.2748340656814479,0.462138409482053,2.990823061008348,-11.930952019932494,1.0061261682292808,0.0573193417762304,0.4931436706275637,0.1355189009911136,0.0978051992461309,0.1432187517759179,117.95467798252122,2.9924689895484136,classical,sad,0.06618688615372764,0.31891965770613506,0.12701137798551043,0.2652430390376,0.27837924325941743
track_484,Fire and Rain,James Taylor,Sweet Baby James,45.0,0.2606654582628442,0.3269266330086603,1.0406052068568186,-10.105098491420565,-0.0024594725479946,0.065142937210442,0.492194547552599,0.0035673089169656,0.3397617141495426,0.2459617275458713,113.90013353285195,3.964068048673119,folk,sad,0.08041143943556517,0.080964905462789,0.08521848061153113,0.33128304133600683,0.2746623183997999
track_485,Body Like a Back Road,Sam Hunt,Montevallo,46.0,0.5337386590270621,0.5174550558408767,4.032932792337528,-8.287670784100715,1.0018330514396248,0.0801889377955927,0.4994905326873718,0.0075282021026186,0.1872001971250577,0.5651895877823843,141.7635920443132,3.9754479939897367,country,relaxed,0.29246020970661574,-0.04773453194150756,0.27618576761128305,0.2410266312036386,0.5414339495733353
track_486,Shake It Out,Florence + The Machine,Ceremonials,50.0,0.5549305253750604,0.3637412797387738,6.098454499504672,-7.949603465663076,1.01124741057385,0.0437656633953808,0.1096177999864005,0.0871320631445409,0.1651751425271901,0.3114193134187876,143.29172884735058,2.973163209162295,indie,sad,0.11327605959832009,0.0523219663199862,0.20185113946603456,0.06974528113719825,0.4001692669016653
track_487,Requiem in D minor,Wolfgang Amadeus Mozart,Requiem,45.0,0.2787310824570301,0.4600533998264074,3.0015475346713623,-11.837379542239448,0.9845370825328206,0.056695422754823,0.4894903930634934,0.1336178304615096,0.105484690849564,0.1375346999302046,117.1384657875521,2.9794797469212937,classical,sad,0.06327330629699537,0.32251869989620285,0.1282311821216514,0.26429867355226877,0.2766492246571131
track_488,Tennessee Whiskey,Chris Stapleton,Traveller,54.0,0.4571413261473284,0.5004076305982667,4.173005159674451,-6.8165493664874806,1.0395424026992834,0.0648878753764237,0.1339694902182981,0.0063516652188634,0.2335539581100279,0.4276761802544856,121.28316185515736,3.9990730073921417,country,relaxed,0.21401242402446433,0.07273145034378103,0.22875700786593403,0.06693013504570189,0.4583351591254728
track_489,Tennessee Whiskey,Chris Stapleton,Traveller,54.0,0.4439042414720162,0.502483996082782,3.968499536121772,-6.540855852339095,0.9809880585281672,0.0668789005060145,0.1365970711670302,0.0086778082287222,0.2334689643968574,0.4259220426154413,123.14477901214794,4.00625965202919,country,relaxed,0.21401900999314794,0.07656195346734074,0.2230547771329549,0.0679592289938167,0.45428528831261605
track_490,Breathe (2 AM),Anna Nalick,Wreck of the Day,51.0,0.5404958764815945,0.5019275746891435,2.323764890278813,-4.648467217378138,0.977053992041694,0.0739256435614816,0.460889770558598,0.0346942061926294,0.1031112879572121,0.3236258257389571,141.7876524706181,3.041438868729532,indie,sad,0.16243672581992613,0.1783017489501864,0.2712897844118896,0.22955648582308508,0.4421773656468042
track_491,Breathe (2 AM),Anna Nalick,Wreck of the Day,51.0,0.5538356952271936,0.4956411885682549,2.074469309735667,-4.7863542116426245,1.0218862382994354,0.0748035597769082,0.4677628655684763,0.0389669175050012,0.1020620378241852,0.3336252326113767,142.738539528036,2.9733178659203863,indie,sad,0.16535840682786326,0.16201595595687818,0.274503782253932,0.23592032291002388,0.4482931581831852
track_492,Stubborn Love,The Lumineers,The Lumineers,45.0,0.2483385015742562,0.4009459298613169,7.897977844314474,-11.62525759412246,1.0149610186462383,0.0779649369446792,0.3749413972802214,0.0784722577805156,0.1369597681205151,0.3188895476363526,106.5810823720365,4.026307122665907,indie,sad,0.1278574662001121,0.08205638222496431,0.09957031143405626,0.2246101701042016,0.32234114848521295
track_493,Fire and Rain,James Taylor,Sweet Baby James,45.0,0.2594818209517425,0.3318515753914069,0.8725382978405517,-10.106273870043186,0.0117947558873366,0.065610900539062,0.5084958996854413,0.0004819795735757,0.3366113161273532,0.258051178761169,113.73228417641378,3.994280907573689,folk,sad,0.0856346902035035,0.07380039663023791,0.08610945106826673,0.33975073429475683,0.28062049040741244
track_494,Requiem in D minor,Wolfgang Amadeus Mozart,Requiem,45.0,0.2690967621092471,0.4559527461228335,3.057425703703424,-11.72831296608626,1.0118746139638397,0.0570034040803429,0.4919493512543436,0.1374468875276422,0.0970211370617789,0.1439009909354397,118.93011312966225,2.9986780267528697,classical,sad,0.06561205198681071,0.3120517551873938,0.12269540765647406,0.26764369359657925,0.2750752488438001
track_495,Requiem in D minor,Wolfgang Amadeus Mozart,Requiem,45.0,0.2735769413045626,0.4629026199631992,2.9734026085358765,-11.97817187267914,0.9997685577477426,0.0570304986410983,0.4991619634680435,0.1349590801590034,0.1030680482654413,0.1379640274950725,117.09927282222468,3.018035309554316,classical,sad,0.06386390978814391,0.32493859246812673,0.1266394828914004,0.2680985827927114,0.2761294793783575
track_496,Stubborn Love,The Lumineers,The Lumineers,45.0,0.2583966680210124,0.4002212132312311,8.084983057108381,-11.376840106496628,0.9830434862163068,0.0787078286120827,0.3657191687176052,0.0772209125728234,0.1417676793739941,0.3281450670461769,108.50191383128544,3.969993991819483,indie,sad,0.1313306168490646,0.0720761461850542,0.10341582797027725,0.21935059931152795,0.3288433911941438
track_497,Body Like a Back Road,Sam Hunt,Montevallo,46.0,0.5432391861318577,0.5280469840224835,4.05632654375976,-8.106979581816901,1.0014325714944694,0.0794043387923095,0.5210229669804965,0.00860282777445,0.1928298295923656,0.5522710801400039,142.95941130617155,4.0102203303684565,country,relaxed,0.2916250782307684,-0.02422409611752041,0.286855813839756,0.24589836065999934,0.5422942831023039
track_498,Body Like a Back Road,Sam Hunt,Montevallo,46.0,0.5392158035943297,0.5182934975550705,3.991331625545539,-8.322291657975153,0.9872028465283148,0.0783069271864017,0.5039059206895115,0.0119793090763633,0.1838084702089573,0.5665775811509401,141.98952267918773,4.004448622388609,country,relaxed,0.29365347617101256,-0.048284083595869665,0.2794720447818731,0.2427347586166366,0.5438838228051961
track_499,Stubborn Love,The Lumineers,The Lumineers,45.0,0.256179512121909,0.4011075216578536,7.899211387811246,-11.440532202164164,1.0184280308081068,0.078907570754955,0.3618824760145227,0.0776490922857523,0.1317576644360827,0.3247838475327496,107.60088146619628,4.013161313640016,indie,sad,0.1302732441583634,0.07632367412510405,0.10275552920673699,0.21672869292892982,0.32709964914702866
track_500,Body Like a Back Road,Sam Hunt,Montevallo,46.0,0.5358637647946204,0.518872510775809,3.819697116078818,-8.615142542417638,0.9972208767149212,0.0790780929529255,0.4857771304919579,0.0098613102635739,0.1854607642225561,0.5570619061882024,143.1616040030643,4.007728357089293,country,relaxed,0.28904410992143076,-0.03818939541239341,0.2780449770727622,0.23372073111612793,0.5392456451464098
track_501,Breathe (2 AM),Anna Nalick,Wreck of the Day,51.0,0.5375103554887645,0.4907076848109325,1.9468540904589853,-5.046623664930119,0.9843995693521862,0.0743339609849462,0.4669656340188406,0.039949197094388,0.1002388870510318,0.332899623675053,142.3357894241448,3.065620656466033,indie,sad,0.16335640360801595,0.15780806113587953,0.26376046210379295,0.2378220088631861,0.4416252615599303
track_502,Requiem in D minor,Wolfgang Amadeus Mozart,Requiem,45.0,0.2778929336873401,0.4671973542474943,3.1019318449325244,-11.92058439516174,0.99392637848635,0.0574619628026795,0.4959025154349135,0.1352559924948619,0.0996906881388604,0.1353673368327471,116.37903868410793,2.9829556819791785,classical,sad,0.06324326161978883,0.3318300174147472,0.12983084338279968,0.2642181722590447,0.27767402111354916
track_503,Stubborn Love,The Lumineers,The Lumineers,45.0,0.2537319140419009,0.4027616960988992,8.025482252511743,-11.590891624769874,1.007803670975211,0.0782699101315137,0.3563923075825275,0.0758964340373626,0.1287445756706851,0.3167361606872113,106.56278689316402,3.98580850943545,indie,sad,0.1275691932942347,0.08602553541168795,0.1021934960539361,0.21285113730398814,0.32364254731712455
track_504,Requiem in D minor,Wolfgang Amadeus Mozart,Requiem,45.0,0.2904999468592324,0.4659052984072897,2.8517274278528,-11.68206341398422,0.9893466073238542,0.0560040909714441,0.4816997923681914,0.137506347748062,0.1015570271932925,0.1297616195983831,117.3890045872865,2.9833458689021755,classical,sad,0.06045662610079789,0.3361436788089066,0.13534546442875248,0.25727330686215966,0.2788262214193099
track_505,Tennessee Whiskey,Chris Stapleton,Traveller,54.0,0.4464378627633643,0.4976600060416009,4.02061265311925,-6.837966813049411,0.9844614950746148,0.0668294362354368,0.133351357791091,0.0039259615078063,0.2323226361535443,0.4269858949803671,121.13316558581094,3.9851542495279295,country,relaxed,0.21249380307560783,0.07067411106123378,0.22217426948001526,0.06698772026712098,0.45402371863363644
track_506,Breathe (2 AM),Anna Nalick,Wreck of the Day,51.0,0.5354917893617581,0.5001521763344103,2.0458619414934525,-4.972682221062,1.0046052554235314,0.0742157300487534,0.4715512930513091,0.0417392893670813,0.0981700041192929,0.3175782621762282,142.33492059581687,2.982965112477707,indie,sad,0.15883745898394047,0.18257391415818214,0.267827383858491,0.23570388757839156,0.4377244945793418
track_507,Shake It Out,Florence + The Machine,Ceremonials,50.0,0.5592992729583256,0.3598512880229271,5.894799922972237,-8.156456386919283,1.0046294330476992,0.0425141010273363,0.1177393429024528,0.0902948753363342,0.1656612111242136,0.3245417664446233,142.89268543611334,3.0317778034758205,indie,sad,0.11678677267233367,0.035309521578303804,0.20126456376434015,0.07537068870803208,0.40556187487222517
track_508,Breathe (2 AM),Anna Nalick,Wreck of the Day,51.0,0.5452679633746,0.4971554059684922,2.0182969473630026,-4.734624580426121,0.9904196744937612,0.0750069695506067,0.4887022523918415,0.0432224606977517,0.0929057971742623,0.3123065747386886,140.84138401178663,3.037964572945964,indie,sad,0.155264901950842,0.1848488312298036,0.2710829156931122,0.24574128570625903,0.4376496406984032
track_509,Stubborn Love,The Lumineers,The Lumineers,45.0,0.2521974531381307,0.4080450950997536,8.006928223278322,-11.614690706584373,0.9910982127524904,0.0790750931155351,0.362930348767548,0.0761682310420875,0.13952884886171,0.3371580625165715,107.40830399914556,3.98474616367156,indie,sad,0.1375756936832231,0.07088703258318213,0.1029079337496642,0.21483840009010713,0.33293598947799385
track_510,Shake It Out,Florence + The Machine,Ceremonials,50.0,0.5613396492359901,0.3613619628530525,5.863959323701538,-8.025815923987711,1.00438533161426,0.0437655706044332,0.1159292074157349,0.0880646022562381,0.1703143066942582,0.3143879202171929,143.22321905728342,2.9777543615819435,indie,sad,0.1136078359469737,0.04697404263585958,0.20284679747516138,0.0740368014719863,0.40256565171358993
track_511,Tennessee Whiskey,Chris Stapleton,Traveller,54.0,0.4513146145628504,0.4989201043674445,4.042585213776076,-6.655705131905843,0.9726337782496524,0.0660438313304924,0.1396759112527927,0.0039588959253617,0.2274700683656691,0.4223638911270617,121.61743378293144,4.012599110705667,country,relaxed,0.21072583664215358,0.07655621324038281,0.2251699346002503,0.06998879103293144,0.4540159721299132
track_512,Stubborn Love,The Lumineers,The Lumineers,45.0,0.2636071370284337,0.4003659990640777,8.066746709314884,-11.55719785574896,0.9734014348119092,0.0803377866544206,0.355475579455843,0.0718002258933626,0.1304481285657397,0.3224159165241509,107.94324129475694,3.985241218337281,indie,sad,0.12908437053335198,0.0779500825399268,0.10553933477681009,0.21315524394412247,0.3281583074374138
track_513,Fire and Rain,James Taylor,Sweet Baby James,45.0,0.2520460178857283,0.3302758369902366,1.12890888229301,-9.986526485195656,-0.01357731957361,0.0671395239197508,0.5074314394779718,0.0,0.3385605250273078,0.2566252285645583,114.39574988115032,4.016915814365922,folk,sad,0.08475711215697028,0.07365060842567828,0.08324470951726505,0.3398390960892241,0.2773466478886128
track_514,Requiem in D minor,Wolfgang Amadeus Mozart,Requiem,45.0,0.2808062362803628,0.4573047306580227,3.1254275322076475,-11.863436442232455,0.9959662279893956,0.0568383786239728,0.4988330694129763,0.1317271339547916,0.1021549261166983,0.1397524661581056,117.92861169592436,3.005423345856534,classical,sad,0.06390946389522692,0.3175522644999171,0.1284140202492844,0.27071434696176044,0.27733427654475784
track_515,Tennessee Whiskey,Chris Stapleton,Traveller,54.0,0.4463502089638396,0.5012518177707583,3.836024546842309,-6.732950068344143,1.0058756007092915,0.0666307198645287,0.1299383264421599,0.0041031996912336,0.2318871581873586,0.4302567214838541,121.13642424573035,3.959490034540439,country,relaxed,0.21566696375186875,0.07099509628690426,0.22373385360548242,0.06480650411493706,0.456383296613921
track_516,Requiem in D minor,Wolfgang Amadeus Mozart,Requiem,45.0,0.2899211832186808,0.4590983759264296,2.888376493315847,-11.879792404104576,1.027881611752011,0.0574189621263301,0.4924621478804426,0.1365469899702118,0.0885561785097223,0.1407513068232793,116.30975611027662,3.041358816197341,classical,sad,0.06461869637209011,0.3183470691031503,0.1331023443623652,0.2663735755832902,0.2810063904728448
track_517,Body Like a Back Road,Sam Hunt,Montevallo,46.0,0.5346004107840897,0.5207394080473895,4.061301458315768,-8.25375669966847,1.0162082433752422,0.0798884818033193,0.4864753531535278,0.0132770180022434,0.1849465243913369,0.5614885762357879,142.74703943207464,4.047996849723431,country,relaxed,0.2923892288143957,-0.040749168188398355,0.27838750145359814,0.23314846572271497,0.5411973761437588
track_518,Fire and Rain,James Taylor,Sweet Baby James,45.0,0.2566828084545166,0.3287481430053762,1.0611527599338395,-10.03063577523696,-0.0030225541095748,0.0653735955220358,0.4820444734002126,0.0018340748877258,0.3388308616981507,0.2516084219603239,113.917582080349,3.983622533355125,folk,sad,0.08271580148396959,0.07713972104505229,0.084383996620827,0.32357324792388825,0.2762726542220974
track_519,Fire and Rain,James Taylor,Sweet Baby James,45.0,0.2501509043062753,0.3378175917785413,1.0613029364840203,-9.961215501602227,-0.0003593725499286,0.066445367663046,0.5022163470320673,0.0004410188205935,0.328438720302297,0.2536254528902707,113.96636682838296,3.989638239960013,folk,sad,0.08567913970913313,0.0841921388882706,0.08450537607397025,0.33255883012587817,0.2778407299815533
track_520,Tennessee Whiskey,Chris Stapleton,Traveller,54.0,0.4355132934576961,0.4981232709990598,4.458566769915065,-6.456309066163879,0.9810539758509198,0.0666871030348364,0.1556811997419104,0.0071160246052197,0.2327672434102468,0.4250244973252514,120.21512542750207,4.007640073934492,country,relaxed,0.21171459286238536,0.0730987736738084,0.21693930630072103,0.078132771293412,0.45010076826712736
track_521,Fire and Rain,James Taylor,Sweet Baby James,45.0,0.263764612963921,0.3309421339810237,1.0679495620441588,-10.201630336984786,-0.0003498653844555,0.0648582697645205,0.4819067210990201,0.0,0.3390100070751628,0.2427517497085048,112.93354810396052,4.008938733705797,folk,sad,0.08033678207615992,0.08819038427251888,0.0872908238829588,0.3224234824387124,0.2755127239668853
track_522,Shake It Out,Florence + The Machine,Ceremonials,50.0,0.5666220927820496,0.3679878822021815,6.13515934575437,-7.9030908442422545,0.9945448644830496,0.0422318577988792,0.1079182572764601,0.0856011126686588,0.1729845661225678,0.3041326117753627,143.56114574733965,3.0176003360168853,indie,sad,0.11191711571583397,0.06385527042681877,0.2085100639318344,0.06820564633034538,0.40203603720541436
track_523,Fire and Rain,James Taylor,Sweet Baby James,45.0,0.2574891110301303,0.3276042873391611,1.1135489219115062,-10.292012717285315,0.0060988075294241,0.0646761808371935,0.4884408038816302,0.0029666731868922,0.3479262873797025,0.2588886534204164,113.72879725340104,4.053724976152869,folk,sad,0.08481303280399058,0.06871563391874469,0.08435453671661995,0.3284255024186218,0.27908348087895396
track_524,Requiem in D minor,Wolfgang Amadeus Mozart,Requiem,45.0,0.2901197475741306,0.4638354137758884,3.077531066669656,-11.907831538136922,0.984366804618166,0.0568251077371579,0.489869335911971,0.1327277503937877,0.0998294700996577,0.1411238292220121,118.09836690198092,2.995270886422698,classical,sad,0.06545822972082979,0.3227115845538763,0.13456781316060315,0.2626505897931223,0.2826360800938105
track_525,Requiem in D minor,Wolfgang Amadeus Mozart,Requiem,45.0,0.2855656928810799,0.4678008677478994,2.962475454228004,-11.814180688716966,1.0098147265782171,0.0574658107098866,0.4889496803936465,0.1394180074895228,0.0938473014365695,0.1387898907349442,117.5996227888144,2.9786646087009387,classical,sad,0.06492603132044304,0.32901097701295523,0.13358787892879934,0.2602185956204406,0.2815259244826715
track_526,Stubborn Love,The Lumineers,The Lumineers,45.0,0.2524230799832058,0.3940960431515145,8.090335406126993,-11.39744393290031,1.0289660427756877,0.079975293091504,0.3554519341149937,0.0778635904354714,0.1312564355801903,0.3261212450737989,107.14072060789374,3.963136143012715,indie,sad,0.1285230922712295,0.06797479807771556,0.09947893702149965,0.21536973334972187,0.32440423496993565
track_527,Requiem in D minor,Wolfgang Amadeus Mozart,Requiem,45.0,0.2855639871807141,0.4636781223655136,2.908015400710111,-11.96741997043154,0.9979446263902048,0.0570481005013815,0.4945488985616837,0.1354404948989967,0.1060317326558995,0.1422861409645043,118.29443629885772,2.9804650729774025,classical,sad,0.06597497068105614,0.32139198140100933,0.13240977339116308,0.2652373938586694,0.28168708924967
track_528,Stubborn Love,The Lumineers,The Lumineers,45.0,0.2679118815496955,0.4009544963019943,7.97181294782365,-11.459335312684637,1.0075916379672378,0.0800572569870096,0.3557405865364181,0.0786143874948455,0.1362538634245875,0.3224498513670074,106.7239687135445,3.999114644408895,indie,sad,0.12928771773751138,0.07850464493498693,0.1074204735200777,0.21310479884753256,0.3296398539023099
track_529,Requiem in D minor,Wolfgang Amadeus Mozart,Requiem,45.0,0.2827458256170977,0.4658714753590524,2.942230182689247,-11.951008208646694,1.0130424955063788,0.0561040722204526,0.4964877867468913,0.1422931150537409,0.0950597134626396,0.13488087466008,117.65139401280967,3.047961576328747,classical,sad,0.0628371520756109,0.33099060069897235,0.13172321493185066,0.26518828903736646,0.278537540156877
track_530,Round Midnight,Thelonious Monk,Brilliant Corners,45.0,0.4159288089166171,0.3398970046356717,10.704686472893476,-11.816880699552248,1.035550556244271,0.0591175115405762,0.494125,0.1361621488464016,0.3571283799772838,0.4703574577163696,105.293787719878,3.977744260688165,jazz,chill,0.15987309098584362,-0.13046045308069792,0.14137295629244082,0.3261733925843987,0.41489072715223446
track_531,Fly Me to the Moon,Frank Sinatra,It Might as Well Be Swing,45.0,0.4754631008290541,0.5508189638997465,5.033919405698402,-5.68472378753026,0.9674652033412916,0.0329837035907003,0.494125,0.134945777600242,0.1693565489869742,0.4610184612566603,135.11572490705336,4.006336630850099,jazz,chill,0.25393771116804903,0.0898005026430862,0.26189409257122026,0.22195157946303776,0.4922920039213043
track_532,Midnight Serenade,The Jazz Collective,Blue Notes,45.0,0.5315150630798537,0.3400314555494298,0.0477435179128008,-11.80503205079089,0.9974702484160736,0.0467459047818993,0.494125,0.1340455304775383,0.2800861124972771,0.6908492600253099,123.09796784475792,4.010176429088064,jazz,chill,0.23491047945165264,-0.35081780447588007,0.18073184054548969,0.326106957026638,0.5378036595989091
track_533,A Love Supreme,John Coltrane,A Love Supreme,45.0,0.6479141330068917,0.4457619070071603,10.143630032881886,-11.973744049840215,1.009805286774743,0.0792840768711479,0.494125,0.1381439651468686,0.0858379428506055,0.3434680948201322,121.66504220022551,4.00932984079885,jazz,sad,0.15310499294313828,0.1022938121870281,0.28881543950604294,0.27386289770008687,0.4654900499322685
track_534,Round Midnight,Thelonious Monk,Brilliant Corners,45.0,0.4130907504562042,0.3362782368042146,10.772757644103184,-11.914708226078815,1.004683197795584,0.0592718200715977,0.494125,0.1398892145368345,0.3674035021713004,0.4691296256062933,105.09254022289892,4.018013012092577,jazz,chill,0.15775808333150562,-0.1328513888020787,0.13891342920354216,0.32796151623911746,0.41246254642064295
track_535,So What,Miles Davis,Kind of Blue,45.0,0.5320908142086642,0.3325648661466306,4.757416630284489,-8.779457991847499,0.9896216746696568,0.0484571609784471,0.494125,0.134017542556471,0.2089756268183922,0.3175498165835943,104.26396120963184,3.013898702575815,jazz,sad,0.10560591224701014,0.015015049563036287,0.17695471040515612,0.32979638551529616,0.3864166307400262
track_536,Round Midnight,Thelonious Monk,Brilliant Corners,45.0,0.420132299112721,0.330614056395284,11.09588678834831,-11.879607373737352,0.9965312958273788,0.0613492117535361,0.494125,0.1374992703951257,0.3697527671540049,0.4763905987353819,105.21545054412148,4.007653001320474,jazz,chill,0.15750142827648267,-0.1457765423400979,0.13890164363233348,0.3307603293836803,0.4157801461465543
track_537,Midnight Serenade,The Jazz Collective,Blue Notes,45.0,0.5319800538992863,0.3325886854520599,0.0545595683136377,-11.63368826373207,0.991783317755686,0.0469042625789888,0.494125,0.1353451094398087,0.2696621531505772,0.6650850837435961,123.6606472525901,3.998830571475689,jazz,chill,0.2211997737160558,-0.3324963982915362,0.17693054681307957,0.3297846158010009,0.5254046553028423
track_538,A Love Supreme,John Coltrane,A Love Supreme,45.0,0.6401769668204034,0.448956419011877,10.046018475067203,-12.09428578332243,0.9901772540509298,0.079353611546227,0.494125,0.1356353524438176,0.079101582163379,0.3446795941512613,121.04770919333345,3.9723173177747335,jazz,sad,0.1547461162966174,0.10427682486061568,0.2874115585575735,0.27228440945575627,0.4646118534101886
track_539,Fly Me to the Moon,Frank Sinatra,It Might as Well Be Swing,45.0,0.4781068347731278,0.5498899542651818,5.063646600167633,-5.574415230961637,1.0141600349503503,0.0336075075000378,0.494125,0.135448500784476,0.1746040699470037,0.4616372049716652,135.14791086168702,4.00716030365221,jazz,relaxed,0.25384966152897537,0.08825274929351662,0.2629061455072661,0.22241062634871703,0.49305391870015897
track_540,Midnight Serenade,The Jazz Collective,Blue Notes,45.0,0.527200485787256,0.333929560841894,-0.1249285185259124,-12.066249694479,1.0059502580994175,0.0466468208826464,0.494125,0.1349664163838183,0.2730870815095466,0.6851084655976106,123.7881204305519,4.003461461452718,jazz,chill,0.22877796904607398,-0.3511789047557166,0.17604782669457159,0.3291220557489991,0.5323824002277893
track_541,Midnight Serenade,The Jazz Collective,Blue Notes,45.0,0.5271915077394626,0.3395930925130117,0.0426677286689511,-11.940603624984892,0.9884515067456556,0.0471972600863544,0.494125,0.1365861258896021,0.2853474584227894,0.6919110931636071,122.15486927252437,4.0045263139532565,jazz,chill,0.23496822787148786,-0.35231800065059543,0.1790305944598414,0.32632356316200806,0.5367998173411851
track_542,So What,Miles Davis,Kind of Blue,45.0,0.5339395725570778,0.3295060775200168,5.053840851292791,-8.606062867523981,1.0149933312572208,0.0480110846113424,0.494125,0.1350250635433704,0.2115825915336349,0.3256481059371075,102.27984144679316,2.978720857069661,jazz,sad,0.1073030300391592,0.003857971582909292,0.17593633418599713,0.33130780944542165,0.3892929373979714
track_543,Blue in Green,Miles Davis,Kind of Blue,47.0,0.4805704714200081,0.328039521041567,5.868765264660135,-11.736920191983655,1.0051216586812768,0.0650859805535591,0.494125,0.0304800608657592,0.0940583807626639,0.5634132291938653,154.1595633756206,3.981982390993196,jazz,chill,0.18482180585323815,-0.2353737081522983,0.15764610727133951,0.3320324716653357,0.4679482894160186
track_544,A Love Supreme,John Coltrane,A Love Supreme,45.0,0.6353019084002065,0.4564645218756531,10.342764664554654,-12.007327922396872,1.0135477019806494,0.0783195488956869,0.494125,0.1364108273557278,0.0809584810998445,0.3384701492851931,121.48029053571098,4.017552547555549,jazz,sad,0.1544996148626466,0.11799437259046003,0.2899927818645902,0.2685744681281929,0.4629179887968351
track_545,Summertime,"Ella Fitzgerald, Louis Armstrong",Porgy and Bess,45.0,0.571816560704929,0.3367507089443793,1.0870486659674812,-11.967408625241609,1.0104938140320603,0.0740215753739341,0.494125,0.1360758672168121,0.1756162996495193,0.4971859574348468,105.35209244780648,3.9993407474357214,jazz,chill,0.16742772364337466,-0.16043524849046747,0.19255963220352157,0.3277280559428586,0.47144456386873124
track_546,Midnight Serenade,The Jazz Collective,Blue Notes,45.0,0.5250670383880038,0.3337862447349857,-0.2188564272704712,-11.81377403295762,0.986183416484632,0.0474383689499166,0.494125,0.1348890744998761,0.2808502896607971,0.68134946089434,123.55391956774176,4.011358344956211,jazz,chill,0.22742507790412875,-0.3475632161593543,0.17526015497765238,0.32919287182032514,0.5301957692946329
track_547,Blue in Green,Miles Davis,Kind of Blue,47.0,0.4892202653245501,0.3294480163383353,6.120616599745189,-11.824442657094156,0.9906636493300504,0.066277386510577,0.494125,0.0289762308882412,0.0971605198449832,0.5650821997894816,153.83931646027682,4.000471972935507,jazz,chill,0.1861652097887476,-0.23563418345114628,0.1611726459636871,0.33133649892682004,0.4716333644146583
track_548,Summertime,"Ella Fitzgerald, Louis Armstrong",Porgy and Bess,45.0,0.5704740184616226,0.3347186424116769,0.820939543472455,-11.864784228337294,1.012454893418721,0.0748444096136654,0.494125,0.1378408194258407,0.162852323822647,0.4818576325994127,105.06414362832535,4.000495935658263,jazz,chill,0.16128673261938004,-0.1471389901877358,0.19094828899060823,0.3287321508183301,0.4643008513017549
track_549,A Love Supreme,John Coltrane,A Love Supreme,45.0,0.6365158317805264,0.4594905521624146,10.144596674767728,-11.883605712793637,1.0101728377572243,0.0808953646015886,0.494125,0.1373891280080333,0.0740266742150152,0.3461689413745071,120.71207636768716,4.015638063432934,jazz,sad,0.1590613580136508,0.11332161078790748,0.29247301100495265,0.2670792309127469,0.46726949173268517
track_550,Smoky Room,Harlem Sessions Trio,Late Night,45.0,0.5166913144048483,0.3370197557690647,3.212847599010943,-11.96039233033607,-0.0003483598994024,0.0773245331333907,0.494125,0.1347648394404826,0.2948821163363703,0.6161480977250109,119.35650803732251,3.991399254529711,jazz,chill,0.20765408141285696,-0.2791283419559462,0.17413518058871896,0.3275951131806109,0.5025725601421782
track_551,Blue in Green,Miles Davis,Kind of Blue,47.0,0.4871232797799312,0.3285773861011703,5.849231030933548,-11.507865774095997,1.0019554563884796,0.0657678706699043,0.494125,0.0301763148421368,0.0919975025289226,0.5616146953848155,152.76615059485513,4.001602012949016,jazz,chill,0.18453388860554767,-0.23303730928364513,0.16005769397911887,0.33176669909275924,0.4693560779182566
track_552,Autumn Leaves,Bill Evans Trio,Portrait in Jazz,45.0,0.3872622212444232,0.5653442580119251,4.17698349602696,-11.8188050926777,1.021294414929807,0.0851613889925809,0.494125,0.1378337121439849,0.1893345977050565,0.44177286612076,116.21342078557142,3.992295411854916,jazz,chill,0.2497537532068426,0.12357139189116512,0.21893647312547843,0.21477426850985748,0.4624910902252085
track_553,Smoky Room,Harlem Sessions Trio,Late Night,45.0,0.5054675081455944,0.3301435995246975,3.0758326984910616,-12.111674415992985,-0.0098595231472638,0.0799276002131618,0.494125,0.1335368056260095,0.2887667809332936,0.6168067158091441,117.82000804737068,3.9927583962094615,jazz,chill,0.203634789368238,-0.28666311628444663,0.16687686258196588,0.3309927938848588,0.4974060186247452
track_554,So What,Miles Davis,Kind of Blue,45.0,0.5308860875077728,0.3247295679216886,5.15102209473929,-8.705463902298687,1.0091182896861672,0.0472884857703338,0.494125,0.1374644643414743,0.212239401660476,0.3157931319075331,104.2039506890046,2.9948471312755225,jazz,sad,0.10254736727697004,0.008936436014155502,0.17239440981203483,0.3336680022506956,0.38300194939185167
track_555,Round Midnight,Thelonious Monk,Brilliant Corners,45.0,0.4144307275699507,0.333621354648674,11.348463121639549,-11.961514230344156,0.996630122459435,0.0592608248087393,0.494125,0.1353238428278711,0.3674349894451778,0.4737933415686083,105.505498413574,4.003702229527229,jazz,chill,0.158067576437641,-0.14017198691993432,0.1382629407399225,0.32927434813422396,0.4139329612930307
track_556,Fly Me to the Moon,Frank Sinatra,It Might as Well Be Swing,45.0,0.4715305346915471,0.5523191642057059,4.954919324513756,-5.556112903480512,0.996371979946213,0.0324723774575332,0.494125,0.1375128126367528,0.1758508695963566,0.4636280679854675,135.40121855457798,3.9920208563056088,jazz,chill,0.2560706670120396,0.08869109622023841,0.26043535081830493,0.22121029298685554,0.49260613686336285
track_557,Autumn Leaves,Bill Evans Trio,Portrait in Jazz,45.0,0.3884588867326358,0.5670258393133141,3.86152982474812,-11.975913316898955,1.0183129475331198,0.0831304153954632,0.494125,0.135145214997137,0.1866154912815262,0.443495323830846,116.6783443604342,4.020929268759558,jazz,chill,0.2514733082267155,0.12353051548246807,0.2202662262882884,0.21394335714930868,0.4640435473461234
track_558,So What,Miles Davis,Kind of Blue,45.0,0.5306676379085288,0.3309395845633239,4.8365857646430985,-8.738637083645822,1.0137569391498005,0.0475371978562593,0.494125,0.1332963342713204,0.2087382383438069,0.3278753906383713,104.71895752529672,2.9850898782963418,jazz,sad,0.10850694556640013,0.0030641939249526073,0.1756189276306489,0.3305994777776476,0.3896323229969043
track_559,A Love Supreme,John Coltrane,A Love Supreme,45.0,0.6408673133187126,0.4518478501693323,9.85012608061901,-11.83300564835406,1.013558493933344,0.0783317643985073,0.494125,0.1336111121727574,0.0734239302523419,0.3293560489984806,122.16298393471185,3.996885472597311,jazz,sad,0.14881882268022872,0.12249180117085173,0.2895745177668562,0.2708556810350786,0.4595569686458057
track_560,So What,Miles Davis,Kind of Blue,45.0,0.5306634910202985,0.3299993955314285,4.985835511522932,-8.630645632497785,1.021757980119239,0.0481323859286478,0.494125,0.1365853507803239,0.2079227704156384,0.3254412199849415,101.8810820480923,2.992671149028764,jazz,sad,0.10739540587604135,0.0045581755464869644,0.17511863126729615,0.3310640486830329,0.38837535395949474
track_561,Round Midnight,Thelonious Monk,Brilliant Corners,45.0,0.4211926492464077,0.3303931953932482,11.062673619728267,-12.020825771627708,1.0003500640272127,0.0603008347836987,0.494125,0.1369610074405556,0.3676390144849658,0.4853534204853765,104.08736993840256,4.024116298072562,jazz,chill,0.16035746748920635,-0.1549602250921283,0.13915918526066823,0.3308694623263112,0.41961712158604736
track_562,A Love Supreme,John Coltrane,A Love Supreme,45.0,0.6419475884323684,0.4549459334118357,10.050831345616102,-11.925467001049611,1.011365882854916,0.0806515218126439,0.494125,0.1348948379904397,0.0815391919950603,0.3327644720433521,120.83630091434284,4.003275912941859,jazz,sad,0.1513898433400595,0.12218146136848362,0.2920514448208408,0.26932484065287665,0.46217384537060213
track_563,Autumn Leaves,Bill Evans Trio,Portrait in Jazz,45.0,0.3828927639597025,0.5661849912244828,4.151963266293685,-11.940935526172826,0.9948288873901092,0.0858366219467929,0.494125,0.1376335016143298,0.1846885479362753,0.4429777257690191,115.90411688209416,4.017197408991144,jazz,chill,0.25080733977717345,0.12320726545546373,0.21678813620244214,0.2143588412112024,0.4619144168628633
track_564,Round Midnight,Thelonious Monk,Brilliant Corners,45.0,0.4171940542687674,0.3341667493320234,11.002388600059378,-11.960582749906994,1.005402772541474,0.0594921736596659,0.494125,0.1335508018894726,0.3699407180882508,0.4758080464405128,105.54196912588428,3.975240660449384,jazz,chill,0.15899922818504658,-0.14164129710848938,0.13941238095564176,0.32900485498631393,0.4157314596564423
track_565,Summertime,"Ella Fitzgerald, Louis Armstrong",Porgy and Bess,45.0,0.5692592973170097,0.3416562724596859,1.2670312609586996,-11.694177685597827,0.997830949093872,0.0732091597441354,0.494125,0.136382708357401,0.1713380908940815,0.4736939665187741,104.91361672454336,4.004450837764487,jazz,chill,0.1618405148874476,-0.13203769405908822,0.19449100958434962,0.3253040943708577,0.4627522575405183
track_566,Fly Me to the Moon,Frank Sinatra,It Might as Well Be Swing,45.0,0.47681104587409,0.5518821764060735,4.951379435121961,-5.605395272059946,1.0016165994165454,0.0334330177320847,0.494125,0.1343504462454216,0.1729329557509758,0.4584099340889092,135.34516032941198,4.014827179927058,jazz,chill,0.2529882721111519,0.09347224231716433,0.26314351773144895,0.2214262195833489,0.4919719403196127
track_567,Autumn Leaves,Bill Evans Trio,Portrait in Jazz,45.0,0.3793903331812611,0.5683014533426963,4.499726985414726,-12.02749889041259,1.009919283757282,0.0838378489348642,0.494125,0.1353429909086511,0.1977746903587591,0.4384462497253146,115.27162820049158,4.001371399821257,jazz,chill,0.24916964093155106,0.12985520361738173,0.21560807773108046,0.21331304436704016,0.4596860358473131
track_568,Summertime,"Ella Fitzgerald, Louis Armstrong",Porgy and Bess,45.0,0.5688424721169886,0.3317488099827683,1.1149424313058554,-11.787531589293229,0.9863629886127756,0.0756121634754916,0.494125,0.1365841326415866,0.161382259284865,0.4923405300473591,105.00606594253874,4.017758006251089,jazz,chill,0.16333338494949676,-0.16059172006459083,0.18871281319246702,0.3301996192672646,0.46711359664887064
track_569,Autumn Leaves,Bill Evans Trio,Portrait in Jazz,45.0,0.3877644390738189,0.5573040674680682,3.842530101820692,-11.654890494830765,1.0348731212614244,0.0860382162676042,0.494125,0.134972766276621,0.1831807949740441,0.4505216422643653,114.74451395637264,3.991378525831661,jazz,chill,0.25107754371632474,0.10678242520370285,0.21610269911531318,0.2187471276623408,0.46372920886831226
track_570,A Love Supreme,John Coltrane,A Love Supreme,45.0,0.644867566618515,0.4588660201146098,9.80326448577819,-11.774909168375984,0.9832330436416716,0.0785870025227893,0.494125,0.135817413908992,0.0696838479100628,0.3525037239348566,120.59477796616034,4.023489124003093,jazz,chill,0.1617519808775668,0.10636229617975318,0.29590781379523096,0.26738782781086845,0.4721215655938801
track_571,Summertime,"Ella Fitzgerald, Louis Armstrong",Porgy and Bess,45.0,0.5746654464479837,0.3324293552286565,1.0886358424235507,-12.05596856672764,0.9797635231202044,0.0724919928485992,0.494125,0.1382861697363556,0.1719945411794201,0.4862587442426971,104.40700937046728,4.038314968726987,jazz,chill,0.161646680822896,-0.15382938901404059,0.19103566383489126,0.32986334484764007,0.4666319382000709
track_572,Fly Me to the Moon,Frank Sinatra,It Might as Well Be Swing,45.0,0.4755509219197608,0.5634472522529208,4.958947264958793,-5.703333591357132,1.0193018478916678,0.0341917623442035,0.494125,0.1354760169315964,0.1740593930237338,0.456337219257956,134.40417359380072,3.993952690659339,jazz,chill,0.257121952291634,0.1071100329949648,0.2679478602620325,0.2157116264805255,0.4942343399549869
track_573,Round Midnight,Thelonious Monk,Brilliant Corners,45.0,0.4128307732136115,0.3311529617906376,11.131170266496552,-11.749087273717,1.0131943782327155,0.0598991749317825,0.494125,0.1379833534989156,0.3656151218221666,0.4749046915136469,105.9757686470524,3.992574957976654,jazz,chill,0.15726609516301324,-0.1437517297230093,0.13671013326800646,0.33049404275520117,0.4131569971067335
track_574,Midnight Serenade,The Jazz Collective,Blue Notes,45.0,0.5232586971175538,0.3336487786887448,0.086939303046898,-11.966567788849671,1.0104019969508693,0.0480896026078973,0.494125,0.1344947703329827,0.2813089532647535,0.6838879060157538,122.77060071235898,4.024223074618629,jazz,chill,0.22817836460215934,-0.35023912732700896,0.17458462523153567,0.329260797230424,0.5306274051481911
track_575,So What,Miles Davis,Kind of Blue,45.0,0.5302047465945761,0.3319495945246401,4.98662047441017,-8.67711768183309,1.0104724251544046,0.0465964859904324,0.494125,0.1374404024157996,0.2047379369528977,0.3117879572602566,105.50152756561428,3.0263262024288453,jazz,sad,0.103497885990208,0.020161637264383525,0.1760012506471091,0.3301004066055122,0.38336148523986746
track_576,Smoky Room,Harlem Sessions Trio,Late Night,45.0,0.5092112767204627,0.3262194374639559,2.8444340605003657,-11.803306724455334,-0.0002041128807819,0.0774723929699409,0.494125,0.1390587843016678,0.3024347635325384,0.6212075592375526,119.59726855621643,3.991285666214112,jazz,chill,0.20264998052283145,-0.2949881217735967,0.16611461624205212,0.3329318204631228,0.49911223795034665
track_577,Fly Me to the Moon,Frank Sinatra,It Might as Well Be Swing,45.0,0.4801049500271419,0.5567749109519361,4.721704794593631,-5.752092218944853,0.9850457604752362,0.0330046158293704,0.494125,0.132112831012274,0.1716041551521153,0.461581787411798,135.3435977585904,3.992996886381736,jazz,chill,0.25699715858323935,0.09519312354013809,0.26731039079894564,0.21900859712587456,0.4956966732584426
track_578,Summertime,"Ella Fitzgerald, Louis Armstrong",Porgy and Bess,45.0,0.5753343167631009,0.3359246671491265,0.9179699653684382,-11.895181128933258,1.0012634093032289,0.0740413552293595,0.494125,0.1350855109215399,0.165511459713995,0.4797881006682568,104.8062851498027,3.995303589852325,jazz,chill,0.16117265801909575,-0.14386343351913028,0.19326898885811478,0.32813622384493785,0.46529293544097095
track_579,Midnight Serenade,The Jazz Collective,Blue Notes,45.0,0.5221538742123564,0.3361222417388679,0.1573305046820419,-12.245618523341362,0.988713971474798,0.0466038244877654,0.494125,0.1375243030257454,0.2833932180340668,0.6851955298288966,124.10579823285646,3.977592491482762,jazz,chill,0.23030945751554008,-0.34907328809002874,0.17550753073289208,0.3280385973007819,0.531561046716926
track_580,Fly Me to the Moon,Frank Sinatra,It Might as Well Be Swing,45.0,0.4772584623291119,0.5464046843434116,5.039331532268074,-5.762826161799873,1.0162519955569624,0.0335482710997179,0.494125,0.1361395944397737,0.173248889857891,0.4656216946925071,134.72810552632464,3.9846891342252633,jazz,relaxed,0.2544178751119037,0.08078298965090452,0.2607762594591604,0.22413278534881173,0.49334762187875986
track_581,Summertime,"Ella Fitzgerald, Louis Armstrong",Porgy and Bess,45.0,0.5725046728956775,0.3392135986232047,0.7711431729518307,-11.91644288257174,0.997549043641631,0.0730602143526084,0.494125,0.1371587839252341,0.1660467377304325,0.4798698599307311,105.59974906718509,3.983264320554132,jazz,chill,0.1627783820579165,-0.1406562613075264,0.19420137032154347,0.3265110805803089,0.4654634254279571
track_582,Blue in Green,Miles Davis,Kind of Blue,47.0,0.4853714193925637,0.3250411677972468,6.031815367613862,-11.881430969975538,0.9862417133867916,0.0648746687560265,0.494125,0.0289279262935794,0.0923042497555515,0.5718414580132187,155.63001331141933,3.987203373914931,jazz,chill,0.1858720153074969,-0.24680029021597194,0.15776569297476614,0.3335140329621854,0.47186035936223064
track_583,Blue in Green,Miles Davis,Kind of Blue,47.0,0.4903752225960287,0.3350905056017118,6.070787322702141,-11.564206048501878,0.9946435693057836,0.0651058916680642,0.494125,0.0301536968727643,0.0982042828634525,0.5586204095297621,153.4802535865719,3.9994219185435536,jazz,chill,0.18718839546876329,-0.22352990392805033,0.1643200812742552,0.3285484039195542,0.471087882271227
track_584,Fly Me to the Moon,Frank Sinatra,It Might as Well Be Swing,45.0,0.480003511999734,0.5620688078874135,4.837625020695701,-5.807515920727341,1.0068821909045935,0.0334528409342905,0.494125,0.136223672907179,0.1797991363224853,0.4666347703488061,136.12416835769548,4.003903578875609,jazz,chill,0.2622808490887704,0.09543403753860741,0.2697950017714623,0.21639275030263178,0.49927560410566674
track_585,Blue in Green,Miles Davis,Kind of Blue,47.0,0.4916162879328687,0.3271196229637396,6.028241105266637,-11.79246654572145,0.9906045907866003,0.065626407504477,0.494125,0.0320728131594461,0.1022903189726251,0.5685000198754513,152.98888171841296,4.025841674880235,jazz,chill,0.1859675121565361,-0.2413803969117117,0.16081733475143326,0.3324870163030421,0.473020781219163
track_586,Summertime,"Ella Fitzgerald, Louis Armstrong",Porgy and Bess,45.0,0.5707412037044641,0.3292633849541649,1.0106936244080522,-11.87422521916364,0.9862963267405594,0.0730100203524834,0.494125,0.1369515969968596,0.1724487161783584,0.4801732989512021,105.47268194371222,3.983360765987687,jazz,chill,0.15810348577728095,-0.15090991399703718,0.18792418066454641,0.3314277299095233,0.4620706961780695
track_587,Summertime,"Ella Fitzgerald, Louis Armstrong",Porgy and Bess,45.0,0.5727992861003566,0.3326285581651946,0.7900229484368541,-11.729883009420924,1.0040614535248653,0.0726495776594017,0.494125,0.1370992447251835,0.162609884230766,0.4839245820921008,106.9342036438874,4.016405373307944,jazz,chill,0.16096713600198984,-0.15129602392690622,0.1905294006536144,0.3297649136966232,0.46519818611650565
track_588,Fly Me to the Moon,Frank Sinatra,It Might as Well Be Swing,45.0,0.4772863411609411,0.548455837394861,5.065729735195294,-5.8081460072871165,1.0040827761851454,0.0341246902983295,0.494125,0.1357689183851326,0.1663732442191093,0.455616905924639,134.6865620345193,3.996433519262909,jazz,relaxed,0.2498857516701535,0.09283893147022204,0.2617704799185533,0.2231192593472643,0.48996941593659626
track_589,Midnight Serenade,The Jazz Collective,Blue Notes,45.0,0.5327881750063874,0.3242891893064316,0.1030226958937884,-11.760514022861068,0.991550947077148,0.0472925233821781,0.494125,0.1356344989522713,0.2794119012480361,0.6864528849656404,125.0059115344808,3.999175604839126,jazz,chill,0.22260924956256867,-0.3621636956592088,0.17277744534487458,0.3338856043339595,0.5317043632801018
track_590,Round Midnight,Thelonious Monk,Brilliant Corners,45.0,0.4121393009702537,0.3324714623466345,11.198969218329982,-11.887497929590598,0.992149361573028,0.0593411357773207,0.494125,0.1357322092166202,0.3661355338563365,0.4769088521666929,105.69582148676162,4.01124699153611,jazz,chill,0.1585585834859153,-0.14443738982005838,0.13702455608409997,0.3298425386679692,0.4141467698617436
track_591,Autumn Leaves,Bill Evans Trio,Portrait in Jazz,45.0,0.3862790608291142,0.5616319680769738,4.193595798803752,-11.996728465331609,1.0038674989559606,0.0863654200719652,0.494125,0.1372001525527215,0.1941157359279679,0.4419152974528506,115.42776556165909,3.981287966307295,jazz,chill,0.24819375823176576,0.11971667062412322,0.21694666916038047,0.21660860377396532,0.46113942765296667
track_592,Midnight Serenade,The Jazz Collective,Blue Notes,45.0,0.5247039501498159,0.3345181567340904,-0.2530940239318109,-11.837728875084238,0.9758652609750446,0.0471018239798376,0.494125,0.135752752546544,0.2720871237193045,0.6871904322249079,124.05084139975853,4.006373495769735,jazz,chill,0.2298776767131791,-0.35267227549081753,0.17552299823521247,0.32883121580376756,0.532642804955135
track_593,A Love Supreme,John Coltrane,A Love Supreme,45.0,0.6373549662544221,0.4543539665009178,9.827710538815202,-11.866700544340468,0.9765422704270574,0.0800380904459025,0.494125,0.1370143503709911,0.0851511937268843,0.3408435142685537,122.12914032118228,4.002774203470217,jazz,sad,0.15486360266402954,0.11351045223236411,0.2895847569867553,0.269617346302734,0.4638500855340234
track_594,Summertime,"Ella Fitzgerald, Louis Armstrong",Porgy and Bess,45.0,0.5771551487746317,0.3399571267799649,1.0946180203149405,-11.954732949534732,0.9880259296457928,0.0740594339505095,0.494125,0.1401838364175956,0.1642612566721474,0.4736883627123597,106.00426405227168,4.008207521066803,jazz,chill,0.16103373477679966,-0.13373123593239478,0.196208006083687,0.32614368472984984,0.46460902775132285
track_595,A Love Supreme,John Coltrane,A Love Supreme,45.0,0.6472664653187794,0.4550420653502862,10.094388506255918,-11.880936991069325,0.9964425474714692,0.0808139979990978,0.494125,0.1380462463485912,0.0760041786198899,0.335813991754623,120.07113317005818,4.004819477398463,jazz,sad,0.15280949238154762,0.11922807359566318,0.2945334692106368,0.2692773394587898,0.4650181559025689
track_596,Midnight Serenade,The Jazz Collective,Blue Notes,45.0,0.5287203748599697,0.330497559111079,0.0946203018488154,-11.931063479799102,1.0051817927599669,0.0485451597633461,0.494125,0.1359213082304021,0.2752680507681074,0.6845761968903868,122.95048900162656,4.040921668998515,jazz,chill,0.22625076209781828,-0.35407863777930787,0.17474079334351467,0.3308178936042381,0.5315958589474693
track_597,Autumn Leaves,Bill Evans Trio,Portrait in Jazz,45.0,0.3908968553439407,0.5711108642814156,4.707791970104236,-11.876122187738687,1.0245892702824926,0.0847808463316958,0.494125,0.138632154711841,0.1812629543466655,0.4374439071361957,115.68266993276173,3.9893710002624783,jazz,chill,0.249828967879192,0.13366695714521987,0.22324544090036544,0.21192484418694554,0.46357987874208517
track_598,Autumn Leaves,Bill Evans Trio,Portrait in Jazz,45.0,0.3884042820915274,0.5607801978302838,4.104879283764637,-11.815697858357735,1.014294327053367,0.0858552369456413,0.494125,0.1357756662128867,0.1928486163163694,0.4553554231790198,115.8227570456739,3.9911500507499698,jazz,chill,0.2553543042934233,0.10542477465126399,0.21780943014941606,0.21702948474711103,0.46689751324815126
track_599,Smoky Room,Harlem Sessions Trio,Late Night,45.0,0.5084949118574036,0.3332744002839182,3.2086167290909544,-11.71394094223193,-0.0026656421660571,0.0785680998957115,0.494125,0.1328823289500593,0.2913427876679536,0.6047140805065228,119.70034311755236,3.989614324559587,jazz,chill,0.20153572252405239,-0.27143968022260456,0.1694683367967,0.3294457869597089,0.4944164258450056
track_600,Autumn Leaves,Bill Evans Trio,Portrait in Jazz,45.0,0.3884033485096108,0.5736052522854584,4.175261315070525,-12.024958128313733,0.9996830632016218,0.0862047542918224,0.494125,0.1347106467981216,0.1829689723333801,0.4550111590172476,116.02682292220524,3.990742048013996,jazz,chill,0.2609967906607872,0.11859409326821085,0.22279020071037214,0.21069230471444783,0.4706070438454198
track_601,The Four Seasons: Spring,Antonio Vivaldi,The Four Seasons,45.0,0.3932244617950818,0.4307883655354788,8.638413610551332,-11.855521969795578,0.9760667581365726,0.0476157710116103,0.4881944029139873,0.1348376852199847,0.1835495882283887,0.5630985326544012,66.70982383951026,4.1154183930127095,classical,chill,0.24257629651761595,-0.13231016711892246,0.1693965231852716,0.2778859340191018,0.47244326126092867
track_602,Symphony No. 5,Ludwig van Beethoven,Beethoven Symphonies,45.0,0.2561024456338774,0.331817664353521,10.015987633430504,-11.964558142251612,-0.0015369380846961,0.059274112512082,0.4973722470654467,0.1362756031711224,0.2280994883751644,0.1711911148249155,80.97071593788034,4.01194955964554,classical,sad,0.05680423587927889,0.1606265495286055,0.08497931534545779,0.3323353497299278,0.2448524789261857
track_603,Gymnopédie No.1,Erik Satie,Gymnopédies,45.0,0.261204524742364,0.3364080289016011,6.752290176805136,-11.875418310935329,0.9163108371420432,0.0515545403111955,0.1302849027736127,0.1343295401943023,0.1394396893653154,0.1631032828576866,113.45522799127514,4.015723337427108,classical,sad,0.054869253893534656,0.1733047460439145,0.08787129930875817,0.0864560154359049,0.24452507923626418
track_604,Blackbird,The Beatles,The Beatles (White Album),45.0,0.5278868766975632,0.4705434447145606,-4.496566895283101,-8.219999226439683,0.9735504248336774,0.0602255464631872,0.5062147892324339,0.0288392345080133,0.250204735069657,0.6556924890701792,85.98092288700956,3.961961872903892,folk,chill,0.3085318024805465,-0.18514904435561857,0.2483937093808819,0.2680187385415492,0.5618060920517087
track_605,Fast Car,Tracy Chapman,Tracy Chapman,45.0,0.6704799736298882,0.3293716607125966,6.785607061746704,-11.986818806670412,0.9934787183724794,0.077233844200262,0.501910696701255,0.1134885630526369,0.241050844451118,0.645037964216887,110.2012054871182,4.99404281594537,folk,chill,0.21245722549678853,-0.31566630350429037,0.22083710238901424,0.33659553699934625,0.5579706759895002
track_606,Canon in D,Johann Pachelbel,Baroque Favorites,45.0,0.2554800802072531,0.3336674186158275,8.361416393889705,-11.857887103347885,0.9677823767771496,0.0519759517503884,0.4910278870031427,0.1406191872065983,0.1820261196126823,0.1787492013742252,72.71590092698582,4.032199696303481,classical,sad,0.05964278460217845,0.1549182172416023,0.08524537887051871,0.3271878794784199,0.24824393019661423
track_607,Gymnopédie No.1,Erik Satie,Gymnopédies,45.0,0.2672515931125321,0.3386892641907709,6.817359638251789,-11.840447398648086,1.0421486786285863,0.048238115676654,0.1276912903693728,0.1365739325668041,0.1357113419857719,0.1669995748074849,113.77473635907027,3.821096210494274,classical,sad,0.05656096311171866,0.171689689383286,0.09051524542509479,0.08444362119059987,0.24858208711398483
track_608,Moonlight Sonata,Ludwig van Beethoven,Piano Sonatas,45.0,0.2789818672356544,0.3508470962324602,5.924901136834634,-11.795578903711798,-0.036926091597091,0.0541488528414729,0.5030621554284703,0.0285329752684665,0.3660607953305223,0.6540142687057207,76.98474513049639,3.858963899691533,classical,chill,0.22945900706999806,-0.30316717247326047,0.09787997802113907,0.32656425897194896,0.45055439652272267
track_609,The Four Seasons: Spring,Antonio Vivaldi,The Four Seasons,45.0,0.3869523674490859,0.4316778219355192,9.189697356299156,-11.798091733157634,0.988638100209548,0.0486702983659944,0.4933689018482767,0.136948624235522,0.1910035412619105,0.5639929893972425,64.84478258286755,4.077754192859126,classical,chill,0.243463265249904,-0.13231516746172334,0.1670387551732141,0.2803924888876937,0.47118625257427854
track_610,Clair de Lune,Claude Debussy,Suite bergamasque,45.0,0.2605220742583539,0.4648190571338378,8.712984922992245,-12.006982056022968,0.0033757071900171,0.2009147838408956,0.5022960484555992,0.1362644961844908,0.15950581277668,0.2088616350705804,74.54091150334364,4.017874540605419,classical,sad,0.0970828682849389,0.25595742206325744,0.12109562491931973,0.26881927281041507,0.3011469934458897
track_611,Swan Lake,Pyotr Tchaikovsky,Swan Lake Ballet,45.0,0.2539916849830432,0.4725078393423195,5.053039502222084,-11.96919455708725,0.037213516305911,0.0377112322844726,0.4835998958040587,0.1360367213804135,0.0944674561413827,0.1366608204965698,97.61491599245188,3.9807531724824656,classical,sad,0.06457330901558277,0.3358470188457497,0.1200130622822528,0.2550951539315121,0.2726141854962367
track_612,The Four Seasons: Spring,Antonio Vivaldi,The Four Seasons,45.0,0.3869766760457373,0.425371512593007,9.304801815497775,-11.84437776667056,0.9629261986735498,0.048379020915121,0.49016841750205,0.1377876445519798,0.1835800559099532,0.5576747757008529,64.00319625850767,4.001928406872128,classical,chill,0.23721896287483768,-0.1323032631078459,0.16460885402778933,0.28166473632388245,0.46677436687196444
track_613,Fast Car,Tracy Chapman,Tracy Chapman,45.0,0.6735707184822218,0.3308488513789365,6.625164270182967,-11.844485096776264,1.0300327589400553,0.0753689139956865,0.4941596146064399,0.1175881692639085,0.243744674396397,0.643753672270655,107.25699760073472,5.036361146960194,folk,chill,0.21298516304171855,-0.31290482089171856,0.2228500985323281,0.3306674737160413,0.5588273398666095
track_614,Fast Car,Tracy Chapman,Tracy Chapman,45.0,0.6595797800107293,0.3325166304674817,7.043053243495122,-11.844376699732557,1.0002642164993971,0.0768108486055073,0.4944351273625264,0.1148877662815463,0.2393207568953462,0.6493488525603544,106.68007594846206,4.943534769649357,folk,chill,0.2159192924512946,-0.31683222209287265,0.21932124597365052,0.330027224827179,0.557368464167605
track_615,Canon in D,Johann Pachelbel,Baroque Favorites,45.0,0.2458025504872865,0.3236421539238606,8.060599920891608,-11.557632696994045,0.9746575556022186,0.0508930480766276,0.4911540367479598,0.1352927557445815,0.186481371749283,0.1819498240911914,71.84367570440367,3.918580143708313,classical,sad,0.05888663297494073,0.1416923298326692,0.07955206687968389,0.33219588638645114,0.24361334095982068
track_616,Moonlight Sonata,Ludwig van Beethoven,Piano Sonatas,45.0,0.2703498631055768,0.3500624512196324,6.1823068138003245,-11.839579182673532,0.0119314604003082,0.0523854553721651,0.4982365446036287,0.0294233343824647,0.3660581436325711,0.6569246434338162,77.13223757484296,4.020487724158708,classical,chill,0.2299646509470247,-0.30686219221418376,0.09463933576563027,0.3238226385124827,0.44889355167108924
track_617,Symphony No. 5,Ludwig van Beethoven,Beethoven Symphonies,45.0,0.2504251214051589,0.3336491388380218,9.711565686975115,-11.791067335426304,0.0051396992390477,0.0574785138878916,0.4870774452244737,0.1316738571194934,0.2226754504956692,0.1663461806156051,79.40994421991051,3.897650665153115,classical,sad,0.055501259911390675,0.16730295822241667,0.08355412610023831,0.3245644750779043,0.24176075031919625
track_618,Canon in D,Johann Pachelbel,Baroque Favorites,45.0,0.2590399630492046,0.3384325788750208,7.692093635805618,-11.806665683204557,0.9845024668710092,0.0524810260892521,0.4931851273711303,0.1333232932259099,0.1875141165914653,0.1871035937572117,74.34810817114382,4.042708054591055,classical,sad,0.0633219517520374,0.15132898511780912,0.08766756272643242,0.32627521285211303,0.2540832000801523
track_619,Canon in D,Johann Pachelbel,Baroque Favorites,45.0,0.2511054851713348,0.329913048275878,8.12170723990366,-11.832663277530989,1.001802282084646,0.051004546244746,0.4949190931349884,0.1393657499724291,0.1928882127998807,0.1921916885144447,69.65411604968264,3.821889668844075,classical,sad,0.0634065458110885,0.13772135976143327,0.08284297605166834,0.3316388264688912,0.2511822354399417
track_620,Swan Lake,Pyotr Tchaikovsky,Swan Lake Ballet,45.0,0.2478319114718174,0.4655493891877136,5.069251401409621,-11.915710119636175,-0.0099487542914191,0.0370750504731561,0.4975209034146466,0.1399487928347839,0.0897709486436874,0.1463281023242613,99.49610961223873,4.107661821081093,classical,sad,0.0681229586580571,0.3192212868634523,0.11537799500692811,0.26590035072183843,0.2725456311275638
track_621,Air on the G String,Johann Sebastian Bach,Orchestral Suites,45.0,0.2815143825311725,0.3299835256908179,9.0584103574797,-11.823421138580889,1.0029310052510918,0.0354556624741619,0.4988224980005872,0.1359778780751891,0.0802290291027992,0.5206475049763791,110.94874162418752,4.049439272107712,classical,chill,0.17180509933423324,-0.19066397928556122,0.0928951084803099,0.33421929141645246,0.3917083744571488
track_622,Moonlight Sonata,Ludwig van Beethoven,Piano Sonatas,45.0,0.2725343541134467,0.354906891079446,6.080785394620959,-11.9550192447589,0.0170961405028873,0.0511564840682337,0.4867010349587227,0.0312087930399552,0.361509927913455,0.6408994772695416,74.66962585823332,4.026783730708379,classical,chill,0.22745964097217505,-0.28599258619009554,0.09672432033074818,0.3139674837563737,0.44459216446568445
track_623,Take Five,Dave Brubeck Quartet,Time Out,45.0,0.350438365033061,0.5934030935179739,8.841430655495406,-7.288345341020953,0.0409507781049057,0.055236248227306,0.4839980360036078,0.1371525582806305,0.2380471093176235,0.547470154497599,135.41685504941069,4.102801070172896,jazz,chill,0.32487048328763835,0.045932939020374985,0.20795120989799937,0.1967921041824432,0.5021404993643501
track_624,Canon in D,Johann Pachelbel,Baroque Favorites,45.0,0.2477511270492157,0.3298640095846197,8.054157320092866,-11.930323104028473,0.968039741249108,0.0505892343901016,0.5025591748620878,0.142955094519,0.1945700741488196,0.1593792130672435,72.22937157400253,4.174228275249807,classical,sad,0.05257346626680236,0.1704847965173762,0.08172418014756282,0.3367829903885415,0.237036226217048
track_625,The Sound of Silence,Simon & Garfunkel,"Wednesday Morning, 3 A.M.",45.0,0.4674660936546853,0.3343156000838564,5.068339147840742,-11.881591104692776,0.0550746849129888,0.0815808666946462,0.4963186646561319,0.1083472691292772,0.0774498176930708,0.3646615535148728,99.32888978031792,4.106115075785611,folk,chill,0.12191204609083602,-0.03034595343101637,0.15628120761902234,0.33039159244879884,0.38639912952751165
track_626,Nocturne in E-flat major,Frédéric Chopin,Nocturnes,45.0,0.373720063341386,0.4574143221915571,7.83342629685663,-11.689770194905464,-0.0504026902525688,0.0536105104452482,0.4891841055398061,0.136231811591607,0.1599208779948419,0.4388503203191105,66.14727603016081,3.807422837772679,classical,chill,0.20073642181231363,0.01856400187244661,0.17094490946268587,0.2654242894774326,0.42488044378752715
track_627,Air on the G String,Johann Sebastian Bach,Orchestral Suites,45.0,0.2645282281684879,0.3362591290340935,9.435064537858064,-12.04904375950036,0.9960809256981644,0.0378970680696599,0.5043644336149811,0.1344966409080001,0.0792297478535192,0.5004181039349,108.28634754614502,3.866141153528369,classical,chill,0.16827015578204196,-0.16415897490080655,0.0889500316088677,0.3347672884518337,0.3804034487347345
track_628,Take Five,Dave Brubeck Quartet,Time Out,45.0,0.3524388753557746,0.5890036720292364,9.11048918265688,-7.209042649500922,0.0151902849533469,0.059684134502888,0.4948885890985987,0.1331319700299911,0.2352154533335228,0.5634308915450698,137.7835950187777,3.934636605504275,jazz,happy,0.33186286405475257,0.02557278048416667,0.20758779175040562,0.20339739287415612,0.5078051208335312
track_629,The Sound of Silence,Simon & Garfunkel,"Wednesday Morning, 3 A.M.",45.0,0.4671009033132032,0.330726554122653,4.722209783463511,-12.027175153727065,0.0072551788277166,0.0816859383497068,0.5019097531506305,0.1064265761107398,0.0884340698077647,0.3372176571848191,101.97606530245048,4.002729431660032,folk,sad,0.11152683375004932,-0.006491103062166104,0.15448267218035422,0.3359148700105711,0.37423530010468453
track_630,Moonlight Sonata,Ludwig van Beethoven,Piano Sonatas,45.0,0.2721064454347221,0.3493265017460352,6.153096309662876,-11.92916917378902,-0.0160780324663767,0.0539626590188267,0.4945707016585691,0.0284142563957271,0.3635412628288478,0.6746037038600459,78.44851577392001,4.054153240599824,classical,chill,0.23565695193434813,-0.3252772021140107,0.09505399268625989,0.3218040485820991,0.45627136569824556
track_631,Home,Edward Sharpe and the Magnetic Zeros,Up from Below,47.0,0.3840939708055029,0.3917537903999538,5.772722036943256,-11.569447083887312,0.9946263066026072,0.0400313935185132,0.5077283682753304,0.0490181430537229,0.1173345741089553,0.6523527703967175,91.80329562319145,3.9240786352145145,indie,chill,0.25556167048082484,-0.2605989799967637,0.15047026893282495,0.3088238555098861,0.493695436520324
track_632,The Sound of Silence,Simon & Garfunkel,"Wednesday Morning, 3 A.M.",45.0,0.4830242199736101,0.3333888267342124,5.183533753589711,-11.883102634475884,-0.0127292293973223,0.0819636468708121,0.5057123211081123,0.1046444135577622,0.0863984790373548,0.3501452150292578,99.64347471186193,4.019538006936713,folk,chill,0.11673450242520275,-0.016756388295045388,0.16103487798121,0.3371134837088434,0.38498200002404986
track_633,Clair de Lune,Claude Debussy,Suite bergamasque,45.0,0.2569123816278574,0.4771141710232026,9.270163327419445,-11.981215212155906,-0.01521733258991,0.1984331784309174,0.4924815428074814,0.1342324570113289,0.1675121908037496,0.2055977915441444,74.11143296203372,3.920978033680049,classical,sad,0.09809361987678566,0.27151637947905816,0.12257653798597185,0.2575116197666621,0.30244708241297574
track_634,Air on the G String,Johann Sebastian Bach,Orchestral Suites,45.0,0.2651337803443228,0.3321468239806911,8.808631873021515,-11.95007751042045,1.021936631817769,0.0356337029836598,0.5005385148660659,0.1400372134872599,0.0779830561944017,0.5060355138321362,110.09386182983862,3.93602802345357,classical,chill,0.16807808874078112,-0.17388868985144507,0.088063343071361,0.33428623687329023,0.3815983868303586
track_635,Gymnopédie No.1,Erik Satie,Gymnopédies,45.0,0.2623396196338213,0.3311237936874812,7.224641717393818,-11.83024002700534,1.009218100209872,0.0483756164611179,0.1432602429012518,0.1383484210064865,0.143304462259826,0.1743437618795411,112.37832378539396,3.852846654249353,classical,sad,0.057729367839300515,0.1567800318079401,0.08686689008768173,0.09582336778719927,0.24777652874820716
track_636,The Sound of Silence,Simon & Garfunkel,"Wednesday Morning, 3 A.M.",45.0,0.4630747905344852,0.3260842674964451,5.096252972768967,-11.95137158227731,-0.0178908488191455,0.0830198094441274,0.5031595834565952,0.1059832847854572,0.0854085494033256,0.3407248052808185,101.72449674627156,3.903418910654562,folk,sad,0.11110499854786458,-0.014640537784373409,0.15100140386750735,0.3390871592513349,0.3730376395216065
track_637,Kids,MGMT,Oracular Spectacular,63.0,0.5413558556332521,0.5312047065138454,-5.132310585516526,-7.724403809934603,1.023227568905355,0.0740097470109056,0.0936303664153736,0.0671028090704713,0.2251159392729634,0.6419356338239103,133.2074968408472,11.971597843814864,indie,happy,0.3409992299662096,-0.11073092731006484,0.2875707784112133,0.04389347510291126,0.5785424221736933
track_638,Home,Edward Sharpe and the Magnetic Zeros,Up from Below,47.0,0.3752786361992978,0.3965373113503645,6.442297478865457,-11.659084874256468,1.0079344395110177,0.04178643425247,0.4986537492727774,0.0521622082080179,0.1153286392716187,0.6707022422006372,90.56455314774944,3.897912144918247,indie,chill,0.2659584638389017,-0.2741649308502727,0.14881198140570112,0.30091893224137145,0.4998256811451536
track_639,Fast Car,Tracy Chapman,Tracy Chapman,45.0,0.6633779683033578,0.3287009201931575,6.942779973331748,-11.944604686156866,1.0209880096601744,0.0767888170937505,0.5011118507023085,0.1141942558763472,0.2455241228545923,0.6680847218835813,108.0971938316874,5.110223362216361,folk,chill,0.21960006285012287,-0.33938380169042376,0.218052948617181,0.3363959242567635,0.5648575553023871
track_640,Fast Car,Tracy Chapman,Tracy Chapman,45.0,0.6732779413071772,0.3314366405392069,6.824242493369737,-11.704436459126311,1.0162569467937468,0.0773551941550684,0.4825152438307445,0.1191933389093659,0.242373358895256,0.670678501713265,107.79589823251548,4.900681675737961,folk,chill,0.22228742948971328,-0.33924186117405813,0.22314897901600414,0.3225920124065263,0.5696857752392213
track_641,Blackbird,The Beatles,The Beatles (White Album),45.0,0.5227938180535115,0.4707244691241199,-4.814418518117531,-8.170539335501248,0.9785954408573984,0.0582121475446806,0.4863140974056741,0.031129863572396,0.2491196604977708,0.6416482656880002,86.82320517216132,4.275378219389695,folk,chill,0.3020395392303961,-0.17092379656388024,0.24609184246461097,0.2573941520768126,0.5547147924284894
track_642,Clair de Lune,Claude Debussy,Suite bergamasque,45.0,0.258112451642934,0.4840501483764479,8.809767942220105,-12.062607176100034,-0.0144638122636267,0.1994400368983743,0.4806636610472684,0.1343253390169378,0.1710191370506517,0.1876401806202998,76.0137313331248,4.051606872327644,classical,sad,0.0908272572706396,0.2964099677561481,0.12493937051557094,0.24799834459817147,0.29770485225393445
track_643,The Sound of Silence,Simon & Garfunkel,"Wednesday Morning, 3 A.M.",45.0,0.4702492594262372,0.3328700894928382,4.982021289617826,-11.872606509430224,0.0192950379157979,0.082024726938353,0.4923465969548773,0.1056009413049452,0.0903659370226639,0.3476831816641509,99.69768876557735,4.019336039134248,folk,sad,0.11573333179570064,-0.014813092171312714,0.15653191306915246,0.32845914116501296,0.38000907734138295
track_644,The Sound of Silence,Simon & Garfunkel,"Wednesday Morning, 3 A.M.",45.0,0.4690453599783704,0.3332242123620473,5.079550409428577,-11.945479786429622,0.01575969248696,0.0821918006668653,0.4988616256885896,0.1041642035077687,0.0857402783173747,0.3495833642019949,101.6148418228024,3.910205649756167,folk,sad,0.11648964119108446,-0.016359151839947572,0.1562972706408654,0.3326288533908589,0.38051421738292324
track_645,Blackbird,The Beatles,The Beatles (White Album),45.0,0.5084020498666559,0.4686822685040994,-4.542480759319499,-8.151766536072488,0.9994603231644512,0.0574820872839966,0.5040423295355241,0.0271008611506786,0.2526413681035829,0.6584547001652609,87.90104514075522,4.073260675260136,folk,chill,0.30860604258064106,-0.18977243166116148,0.23827902604363857,0.2678066271067238,0.556507175577331
track_646,Nocturne in E-flat major,Frédéric Chopin,Nocturnes,45.0,0.3683270706415181,0.4488107791105313,8.19288402527537,-11.956711308384092,0.0030293800107267,0.053048129151734,0.4946141129929866,0.1384417976799472,0.1614232383714069,0.4142821923343145,66.67629565404921,3.9397814923144505,classical,chill,0.18593431351318268,0.034528586776216785,0.16530915954211944,0.2726259675815399,0.41085423185934067
track_647,Nocturne in E-flat major,Frédéric Chopin,Nocturnes,45.0,0.3700097245885005,0.4568868400875736,8.00303180370798,-11.898482130997047,0.0329891657561493,0.0539778892254884,0.5048757845951626,0.1405032289839015,0.1551248946302062,0.4480123159440899,67.39444273023746,4.012763666017145,classical,chill,0.20469093135201089,0.008874524143483664,0.16905257386891337,0.27420468273474424,0.4272738957804582
track_648,Blackbird,The Beatles,The Beatles (White Album),45.0,0.524862398042235,0.4692570595647325,-4.268062401827222,-8.181616000138114,0.9847256924196404,0.0618495232285843,0.4850147016628111,0.0270678027368196,0.2441048572924281,0.6453458717496783,85.81757765242077,4.267815045183838,folk,chill,0.302833106179493,-0.17608881218494576,0.2462953855813934,0.2574181289148544,0.5563741859819616
track_649,Nocturne in E-flat major,Frédéric Chopin,Nocturnes,45.0,0.3752306270922378,0.4675129958186493,7.938286860413265,-11.814247040816284,0.0141259936401683,0.054883662296929,0.48288066567046,0.1376803053967361,0.1557714507878431,0.4275311345592346,68.06990237894104,3.989951001226503,classical,chill,0.19987636152353383,0.03998186125941472,0.17542519459480252,0.2571276790399597,0.42383554069695994
track_650,Swan Lake,Pyotr Tchaikovsky,Swan Lake Ballet,45.0,0.2455550762149642,0.468179012891926,5.634293766094999,-11.991743754324,-0.0052205918373465,0.0422280745993033,0.4937583196332195,0.1351358811714203,0.0906417877426282,0.1314046408157552,98.05411024235008,4.120227548429286,classical,sad,0.06152089502653836,0.3367743720761708,0.11496373319292359,0.2625910369401627,0.26668208305836916
track_651,The Sound of Silence,Simon & Garfunkel,"Wednesday Morning, 3 A.M.",45.0,0.4731038184061736,0.3334119891810509,5.145894197762005,-11.917362360669408,-0.0056205044992094,0.0804932058459951,0.4966602852140082,0.1049787066825809,0.0870711667390068,0.3316758966115974,100.32846336708268,3.9264394502399336,folk,sad,0.11058472045268128,0.0017360925694535068,0.15773848518395303,0.3310677915735776,0.3746251009208063
track_652,The Four Seasons: Spring,Antonio Vivaldi,The Four Seasons,45.0,0.387500205915942,0.42485185187931,8.800126513720572,-11.929428062119529,1.0283702963262973,0.0517129234513777,0.4939091760781981,0.1352580036346513,0.1964775828229111,0.5691174788096722,65.80609870774356,3.996339791118892,classical,chill,0.24179061480917322,-0.1442656269303622,0.16463018008700192,0.2840709479611914,0.4713526088624445
track_653,Symphony No. 5,Ludwig van Beethoven,Beethoven Symphonies,45.0,0.2526057037734789,0.3271371397890337,9.750287429171298,-11.944753216522544,0.0213121584887864,0.0573600176449252,0.4804774422685635,0.1346885813616068,0.2272632140343858,0.1767675396095586,78.90228078522986,4.185246637427447,classical,sad,0.05782722731541572,0.1503696001794751,0.08263670742685181,0.32329542607167505,0.2446298689125772
track_654,Kids,MGMT,Oracular Spectacular,63.0,0.5439707481906202,0.5378775113942541,-5.211496245064335,-7.591327928831873,1.021004728481398,0.0752999840199876,0.0994117025650898,0.0641017290743245,0.2261534178990702,0.6234958601104015,131.88781698547922,12.047411849140046,indie,happy,0.3353644016008027,-0.08561834871614737,0.29258963230804125,0.04594038338591351,0.5739528219196229
track_655,Swan Lake,Pyotr Tchaikovsky,Swan Lake Ballet,45.0,0.2636928203089889,0.4722092130889093,4.947892559982172,-11.853832585965591,0.0337073178595696,0.0364127933807708,0.4855139618399979,0.1347578534617914,0.0952047385885303,0.1284422829331437,96.50442707562236,4.189603501445921,classical,sad,0.06065162935120283,0.3437669301557656,0.12451817917530279,0.25624979597585373,0.2721475231926269
track_656,Moonlight Sonata,Ludwig van Beethoven,Piano Sonatas,45.0,0.2800454833960439,0.3543760853265418,6.166491874091479,-11.99694889562598,0.0005423168590003,0.0523510888364249,0.4985456291296573,0.0305670321400306,0.3573313986425935,0.6454847899243218,77.69662849756779,4.074039202119916,classical,chill,0.22874437299120637,-0.29110870459778,0.0992414221192691,0.32187298072203135,0.4485203865865044
track_657,Swan Lake,Pyotr Tchaikovsky,Swan Lake Ballet,45.0,0.2515521487056695,0.4651187792051252,5.110350370423816,-11.809770493675304,0.0176079500048137,0.036823008793161,0.4965449810615028,0.1363946721990473,0.0929103906261549,0.1594723901792554,96.8164586983354,3.941159339565249,classical,sad,0.07417360343709867,0.30564638902586977,0.11700162831240711,0.2655925856497446,0.27879023444494055
track_658,The Four Seasons: Spring,Antonio Vivaldi,The Four Seasons,45.0,0.3879927217969242,0.4309870569159832,8.983017627779507,-11.706308280370983,0.9919889467922116,0.0458294339932987,0.4879206842204841,0.1359990282756587,0.1929785445015687,0.5577824308677513,66.60344616558686,4.066157310306751,classical,chill,0.240397008279135,-0.12679537395176804,0.1672198412720782,0.27763318451986485,0.46880690596097274
track_659,Moonlight Sonata,Ludwig van Beethoven,Piano Sonatas,45.0,0.2761504244890005,0.3450169688205619,5.802543171529071,-11.79992479984528,0.0083699392305902,0.0529676065561143,0.4907328719106607,0.0280972276664949,0.3601618935225157,0.6332641333415254,74.65997888319055,4.101740669097849,classical,chill,0.21848687174827322,-0.28824716452096355,0.09527658239570641,0.3214217039434355,0.4396558713294789
track_660,Kids,MGMT,Oracular Spectacular,63.0,0.5463328334268606,0.5355046771253201,-5.677234704299372,-7.873530706686683,0.996639720785396,0.0695093369525561,0.0930079407352598,0.0627907575231741,0.2314193489906622,0.6344274036406985,135.3955401030672,12.178048657822671,indie,happy,0.3397388419460674,-0.09892272651537837,0.2925637875672123,0.04320175346173359,0.5783222146219337
track_661,The Four Seasons: Spring,Antonio Vivaldi,The Four Seasons,45.0,0.3868894000427553,0.4343487565507082,8.895880868718395,-11.930226069620534,1.0025044250471074,0.0502953192128585,0.4937112439878856,0.1380837319028842,0.1913079156009878,0.5576449543642737,64.85939306798625,3.8357359696447295,classical,chill,0.24221239252489873,-0.12329619781356554,0.16804492983122027,0.27926837906664415,0.46942942872374854
track_662,Take Five,Dave Brubeck Quartet,Time Out,45.0,0.348794779102755,0.587772439829793,9.19969655681808,-7.159158301586716,0.0153668883193034,0.0586710856087939,0.500430066516991,0.1375502088237476,0.2343953698489355,0.5322672570540832,135.6947401564481,3.923932873040953,jazz,chill,0.31285202432019005,0.055505182775709816,0.20501195831312002,0.20629106535611358,0.4938770685013977
track_663,Symphony No. 5,Ludwig van Beethoven,Beethoven Symphonies,45.0,0.2498181332570877,0.3297080692268336,10.049922750735382,-11.94942164434449,-0.0211263671979046,0.0606841235825458,0.4876180447994236,0.1344504852914768,0.2284450046038265,0.1754316064363727,79.08238777305615,3.9741066306314656,classical,sad,0.0578412162394982,0.1542764627904609,0.08236705437404622,0.326846440728442,0.24403050331972548
track_664,Kids,MGMT,Oracular Spectacular,63.0,0.5322347238648449,0.5334253071101615,-5.6144835299307765,-7.704870995942169,1.0540252071503071,0.0728662900000824,0.1033273018478856,0.0642082573052438,0.2357737256526806,0.6345824288923,133.92991661892208,12.10521338519114,indie,happy,0.3385023270185873,-0.10115712178213854,0.2839074710322969,0.04820990412681287,0.573530980849422
track_665,The Sound of Silence,Simon & Garfunkel,"Wednesday Morning, 3 A.M.",45.0,0.4762745798684102,0.3299761907458518,5.040382628780285,-11.822075355947891,-0.0259752570969569,0.0808671690667727,0.4906246739405024,0.1075753370148024,0.0877027126640573,0.356288335750608,100.8764828932754,4.064929623754647,folk,chill,0.11756666783816472,-0.02631214500475615,0.15715927161405896,0.32873021294768984,0.3843905654845218
track_400,Iron Man,Black Sabbath,Paranoid,63.0,0.4196509959584204,0.9557040147341349,-0.2000874572226404,-3.167832033417659,-0.03805114960347668,0.11468649184560643,0.012495043828813873,0.030962191413477624,0.15700596051054727,0.26296354844373676,174.9478233051333,3.981441968817525,metal,angry,0.2513153189764134,0.6927404662903982,0.4010621416246406,0.0005534802773374778,0.5177919225852613
spotify:track:9v5dUaW39y6pXDWUGcrs3I,Bad and Boujee,"Migos, Lil Uzi Vert",Culture,82.0,0.8121870732789969,0.8346099465359867,5.961807601032732,-3.2919641501141017,0.9936260439279796,0.1974900260361352,0.09787890887141734,0.026020189045963326,0.14629089947010218,0.42621940222673,96.74195426325804,4.006915734534378,hiphop,angry,0.3557269525050514,0.40839054430925675,0.6778594098066031,0.016188197971242994,0.664526866835187
track_450,Chop Suey!,System of a Down,Toxicity,50.0,0.4152725504233886,0.9082098093813877,6.309778029837935,-5.58276550906982,-0.03673554547490515,0.052459331088108824,0.023888411124076945,0.13641400432921955,0.18928829074798095,0.23192277787248905,144.71626574405508,2.991020693878305,metal,angry,0.21063454188277522,0.6762870315088987,0.3771546038613485,0.0021927218106548006,0.4898138190904285
track_419,Lost Night,Chris Banks,Night Chronicles,81.0,0.69441118368535,0.8254557480274847,5.905024327129598,-4.164154761038964,1.0419207971752011,0.091863740024243,0.02411108459464119,0.014405185105307304,0.20162709403421974,0.4143586171231489,115.50371075307156,3.007719102861873,pop,angry,0.342034702249023,0.41109713090433575,0.5732057030676416,0.004208451224817685,0.6217035263631099
spotify:track:FmkEn2VALR4atWv5inMkGN,Midnight Wave,Drew Stone,A Wave Collection,81.0,0.8076232922488795,0.8023942940509836,7.1022543677046315,-4.924318369759406,-0.002443930754882396,0.18223250151471732,0.12374349928702022,0.0392238176450012,0.18082867024061922,0.45131962064565523,96.89439897074791,3.986613430002966,hiphop,angry,0.36213628839932827,0.3510746734053284,0.6480323214431709,0.024452421533213236,0.663533124148221
track_453,Enter Sandman,Metallica,Metallica,45.0,0.2910892689517321,0.823211973790827,3.9156072477557102,-4.894411482800587,0.0022546610148969034,0.08601260283112848,0.09521576955400189,0.12641818368870555,0.09720872829497568,0.11308651921374749,133.42921061580338,4.975051188334116,metal,angry,0.09309417669108336,0.7101254545770795,0.23962817164308428,0.016833007963439464,0.3795249805082667
track_453,Enter Sandman,Metallica,Metallica,45.0,0.30175088205119466,0.8283077058427949,3.7400095748279716,-4.874295572287528,0.02471316264205458,0.08848095220150297,0.101761323857241,0.12411568645005752,0.10055314404186645,0.11631824759218212,134.886722676592,4.994111119759819,metal,angry,0.09634730081073457,0.7119894582506128,0.24994258084786483,0.017471635149524035,0.38554487540506965
spotify:track:TwsnRWqUdbweGoFRz3Mtmt,Fire Heart,Casey Page,The Heart Collection,84.0,0.7285121422715016,0.7689719728334091,5.969332366030037,-6.384457029536917,1.002645343356784,0.10838062380071553,0.19920207276684626,0.031337142158375055,0.08118271097113512,0.4961555469847672,96.24399300720357,4.055101416868558,pop,angry,0.38152970979711565,0.2728164258486419,0.5602054192756099,0.04602126187882017,0.6477074533253802
spotify:track:4nBve8lWdbPq8yXtBQkJcq,Neon Sky,Alex Chase,Our Sky EP,88.0,0.7382397193641438,0.8318036491955609,9.032854654131977,-4.1840751703056265,0.0039026105556255212,0.03772194448764737,0.08097776699795284,0.031749172340367886,0.20418561542636657,0.41977594080999836,109.95239949993245,3.956995797829568,pop,angry,0.34917115941025645,0.4120277083855626,0.6140704925482016,0.013620164905347804,0.6389233868919107
spotify:track:xZATJnqaHIRsy1W8DbZMUO,Open Shadow,Taylor Page,Your Shadow Diaries,53.0,0.4971899886915389,0.8037080254443135,9.096754409642923,-5.705196988844896,-0.0011280643600536885,0.04759842933548527,0.0016656192047497932,0.13615301200114557,0.1278688057638495,0.45631776551721265,112.30774291529474,4.074105873263774,rock,angry,0.3667462502990002,0.3473902599271009,0.39959558408195733,0.00032694768255820913,0.5727965104476408
track_401,Breaking the Law,Judas Priest,British Steel,45.0,0.3862219300900675,0.8227939327297993,10.179567892680247,-4.32624960250802,0.025557990301575656,0.08258251365196183,0.03218847718353311,0.13788094286999264,0.3175867508628558,0.4568078153476001,153.53959619520398,4.923206316687787,metal,angry,0.3758586988915599,0.36598611738219916,0.3177810607653002,0.005703993453110489,0.545427884985
spotify:track:qWxQFaa9LSGUSbsKbbt4ma,Anti-Hero,Taylor Swift,Midnights,80.0,0.7392617359778597,0.7774337080315126,8.981586372395704,-5.5310744742950675,0.999598240445653,0.07480600837290537,0.2689967649473197,0.008734832764632154,0.05861401842284932,0.41908773084994705,128.5094558940685,2.9947266802527883,pop,angry,0.32581292858518685,0.3583459771815655,0.5747269926070805,0.059869612525843746,0.6226437255427906
spotify:track:idyVF0a6Zb0BI2SteoVNau,God's Plan,Drake,Scorpion,68.0,0.8574226202596366,0.773930718937293,8.89027387426656,-5.0155344901448204,1.000912656557902,0.0785090492979455,0.03193925586815136,0.03888691289860769,0.25119606696166447,0.43563641069837067,89.9112304598743,5.020439324044646,hiphop,angry,0.33715240052705187,0.33829430823892237,0.6635857049306382,0.007220484611790823,0.6636605660384272
spotify:track:qKqKUc7paB82KvAVdA2dCB,Rising Wave,Chris Cole,Wave Chronicles,76.0,0.8427508444155525,0.8032420040134951,3.8813604183895816,-6.668475894555795,1.037325024599144,0.2002401259663263,0.0569180005829386,0.020685117715477323,0.18449947186771645,0.3427411732909676,98.26438233964559,4.009762223125964,hiphop,angry,0.27530410689217344,0.4605008307225275,0.6769328771524136,0.011199071730257715,0.6308943238451012
spotify:track:qWxQFaa9LSGUSbsKbbt4ma,Anti-Hero,Taylor Swift,Midnights,80.0,0.7318583236185572,0.7774087849732165,9.080586181079372,-5.545099306618932,0.9970851920296514,0.07412366995160895,0.2694440011617723,0.00564777922060957,0.05527426510235323,0.4289095475456439,128.34878263927473,2.978366165177948,pop,angry,0.3334380502208711,0.3484992374275726,0.5689530901368376,0.059975867600276955,0.6243439515957897
track_428,Breaking the Law,Judas Priest,British Steel,45.0,0.3770159055922525,0.8330520084633083,10.289869057042468,-4.205329912180081,0.0030524412071716986,0.0811744553356694,0.03502677396089537,0.13597435651207251,0.3125601197720411,0.4585906479211388,154.28221152357423,5.032965317464991,metal,angry,0.3820298603131945,0.3744613605421695,0.314073857376239,0.005847649562781173,0.5464566333851237
track_418,Holy Wars,Megadeth,Rust in Peace,52.0,0.26407831150592626,0.9340651436136339,1.3008482195926967,-4.563949669697385,1.0228633075340936,0.07672494427173931,0.03815277528431596,0.14092735033232207,0.26697386502626375,0.14724074427582798,179.08010120954143,3.982227385037441,metal,angry,0.1375324469477796,0.7868243993378059,0.24666634596202897,0.0025155977591126704,0.41833933424619923
spotify:track:FmkEn2VALR4atWv5inMkGN,Midnight Wave,Drew Stone,A Wave Collection,81.0,0.8108476211972775,0.8027598548042743,7.0995302322704505,-4.879484774135189,-0.017708749083790762,0.18054955192459354,0.12781199825543121,0.03533243996191431,0.18345485476225448,0.45072363566529255,96.96866565150613,3.979524281943652,hiphop,angry,0.36182284032352485,0.3520362191389817,0.6509159186607176,0.0252096570936571,0.6643716970665825
spotify:track:LEIGccreTJ8B8RHbAFANaw,Wild Light,Jamie Banks,The Light Diaries,81.0,0.5686612608746247,0.762374754173449,6.0358670031106705,-5.656427531225293,0.017316969959237483,0.07928145592661118,0.07937747176581327,0.043065644777091995,0.09888271605716865,0.4689550180612404,107.95874245689772,12.29551688711229,pop,angry,0.3575194666128435,0.2934197361122086,0.4335329889672555,0.018862091241441486,0.5868928117389183
track_414,Lost Night,Chris Banks,Night Chronicles,81.0,0.6585338313878264,0.834916614653813,5.949641394382947,-4.343272145581637,0.994745523339629,0.09255148459835381,0.023234157530791055,0.02124168421686448,0.20633120947992978,0.4026931380114301,113.27130539550699,2.982830287802103,pop,angry,0.33621519153282386,0.43222347664238286,0.5498208371373289,0.0038355733808495937,0.6091123890170638
spotify:track:xZATJnqaHIRsy1W8DbZMUO,Open Shadow,Taylor Page,Your Shadow Diaries,53.0,0.5026173006175064,0.8005052339321679,9.035843158339233,-5.728041485695307,0.011986351943415404,0.05019181109343165,0.0,0.13709831218124746,0.12432823460115285,0.4478582717145986,112.86259965355912,3.975926925823224,rock,angry,0.35851289056735114,0.3526469622175693,0.40234777980917175,0.0,0.5700800690507417
spotify:track:NGrZVbJoHW8XgRp1JYLp6P,Rather Be,"Clean Bandit, Jess Glynne",New Eyes,69.0,0.7546725453636258,0.7310434774686955,4.152542220611162,-4.208672521688165,-0.013779769738558144,0.032114391849522965,0.06893036050643554,0.13462756600562004,0.11470164379665113,0.3703789043576835,116.88790414123362,4.03125391058061,electronic,angry,0.2707630822226863,0.36066457311101197,0.5516984419127768,0.018539270058640075,0.5938663685927698
track_415,Holy Wars,Megadeth,Rust in Peace,52.0,0.27409796168673606,0.9181251771045461,0.7853545533502693,-4.51181148241039,1.0662442068131879,0.07467848099835896,0.0394917955170947,0.1361752331265561,0.26910640779130296,0.1687865803899691,177.93260438798464,4.0794521376442106,metal,angry,0.1549672090134111,0.749338596714577,0.2516562396176296,0.0032333837637856084,0.42518157379337224
spotify:track:EXf3Lx87EcR0UiAMiSmcke,Lost Night,Chris Banks,Night Chronicles,81.0,0.6636231748798299,0.8267135279461078,6.15518110747617,-4.18382166330149,0.9787580257994754,0.09279564792804179,0.023865472786259303,0.017090385191878846,0.19828760430137637,0.41702589415744107,113.767517174742,3.0282404663121176,pop,angry,0.34476094820377823,0.4096876337886667,0.548626256131701,0.004135563583029049,0.6139113685107578
track_418,Holy Wars,Megadeth,Rust in Peace,52.0,0.2668325598197615,0.9300483187804726,1.0481642716071697,-4.605913542576832,1.0322818186105374,0.0751850588954299,0.036769220813120486,0.13782277486913558,0.2676665072911489,0.14901465974006137,176.90448503999696,4.021229803346514,metal,angry,0.13859083376488823,0.7810336590404112,0.24816717365625907,0.0025720688130098177,0.4186701274760948
track_511,Tennessee Whiskey,Chris Stapleton,Traveller,54.0,0.4526631563759245,0.5006752223098626,3.898248687947823,-6.631373826253745,0.9627428152155261,0.06460318361229359,0.13485669114080984,0.0029799097019896905,0.2252574315958262,0.42283566224840424,122.61503945899577,4.033989669444677,country,relaxed,0.21170333919675777,0.07783956006145837,0.22663722645000012,0.06733728732391239,0.4551357785050979
spotify:track:BqeLE7ROoEDgK1ZJGhdE71,HUMBLE.,Kendrick Lamar,DAMN.,70.0,0.6846246227528359,0.3320318112916894,10.006381875902722,-5.732812186432449,0.9993648249631948,0.20037411088339765,0.14363872222972066,0.022867846086264448,0.15072017188068385,0.4931269329836535,96.89783902387127,4.002214618925382,hiphop,relaxed,0.163733828755278,-0.1610951216919641,0.22731715354751364,0.09594609711616266,0.502247703406819
spotify:track:SD73p2Y00OjfHpjwgeFlvT,Open Voice,Quinn Voss,A Voice EP,77.0,0.6167584259884334,0.5382986776365487,0.9011202403165861,-5.540292852759992,0.9654135273061382,0.10893931621630207,0.03091808712981886,0.02572175217732158,0.18912175568737255,0.49438477526330576,108.5819209012262,4.00291401538376,pop,relaxed,0.2661266707678798,0.04391390237324294,0.3320002451307729,0.014274921712785773,0.5442710411928169
track_482,Tennessee Whiskey,Chris Stapleton,Traveller,54.0,0.4489218728534906,0.5014867759183655,3.9469813737080877,-6.805207101128698,0.9832056137565306,0.06615729619409386,0.15069358578628783,0.0021212576018109965,0.24016966420452904,0.42112823174532515,122.60295563497674,3.9817204064500107,country,relaxed,0.2111902391861654,0.08035854417304039,0.22512838265653143,0.07512274529874471,0.45357388732968695
track_477,Body Like a Back Road,Sam Hunt,Montevallo,46.0,0.5477626041712275,0.5169617108648361,4.01226426349648,-8.169309202785627,1.0129038330451916,0.07984317056919996,0.4956148436117436,0.003281980374359843,0.18676072663559196,0.5703980835935185,143.10251396297926,3.989198683143697,country,relaxed,0.29487396916852915,-0.0534363727286824,0.28317229300013574,0.23940094612820845,0.5475765279482265
track_488,Tennessee Whiskey,Chris Stapleton,Traveller,54.0,0.4565056618029207,0.5008753147088789,4.317273827394372,-6.793956475325349,1.026227728399703,0.06487334445003269,0.13145276736104308,0.008777576108444067,0.23116175979466194,0.42781219993152564,121.31511320655072,4.005040596068255,country,relaxed,0.21428057027700073,0.07306311477735328,0.22865241702192293,0.06561132113972758,0.4583391729261501
spotify:track:dFsaQT8e8RWa3Qz5gbKte6,Broken Echo,Skylar Page,Your Echo Sessions,74.0,0.6762874448020936,0.5209903818771255,6.927094392764762,-6.983588621137115,1.0174189115135994,0.19793539813393807,0.129810510290603,0.04504354107009693,0.14684284841837744,0.48109215833933555,113.76651556011194,4.966843655346749,pop,relaxed,0.25064438729130095,0.03989822353778999,0.3523392541261482,0.06218048296263721,0.5516202113394999
spotify:track:dFsaQT8e8RWa3Qz5gbKte6,Broken Echo,Skylar Page,Your Echo Sessions,74.0,0.6740835279502184,0.5189536373188204,6.970022353387062,-6.950609493313989,0.9847394427772985,0.19908994291549165,0.146262357998722,0.04413602584854356,0.14906373199022555,0.4829103549905382,113.74598329078647,4.973861696483359,pop,relaxed,0.25060808522126254,0.03604328232828219,0.34981809868646857,0.07035897531245776,0.5510752915769269
track_489,Tennessee Whiskey,Chris Stapleton,Traveller,54.0,0.44262965359131556,0.5045088103457143,4.044222124598548,-6.474312319205675,0.9762924919406528,0.06607544092463884,0.13598266365180522,0.008942016278441151,0.23381320169127792,0.4265562049462412,123.25165579641777,4.020669882375875,country,relaxed,0.21520136350301083,0.07795260539947307,0.22331055995709023,0.06737821178519157,0.45476402115960546
track_489,Tennessee Whiskey,Chris Stapleton,Traveller,54.0,0.44537725145259244,0.4990937690286557,3.853930071439227,-6.627850356721132,0.9823831472178243,0.06803589045314762,0.14323688845390742,0.008539113082828762,0.2322703793444954,0.4278940038868081,123.06688924141297,4.009572351164682,country,relaxed,0.2135592311446293,0.07119976514184762,0.2222850110670977,0.07174824993150963,0.4544989076990977
spotify:track:1mXfVl2Lqem4YnM6lTOL5d,Drunk in Love,"Beyoncé, Jay-Z",Beyoncé,66.0,0.7867418555885968,0.46206362871022727,2.0211720841983807,-7.130220032354687,0.015379342098827128,0.16382551485092672,0.0,0.007727161551102967,0.2128463931264708,0.46003065651412306,81.60248022515479,3.9964329741230404,rnb,relaxed,0.21256343446686385,0.00203297219610421,0.3635247966514846,0.0,0.5586539078952965
track_485,Body Like a Back Road,Sam Hunt,Montevallo,46.0,0.5324742375434487,0.5175677039474664,4.154602292072221,-8.255148294414726,0.9865114497716614,0.07920947658140114,0.4962754024614775,0.00828653397341906,0.18499801145739378,0.564676660137086,141.4685338840468,3.9758053867708543,country,relaxed,0.29225840245987544,-0.04710895618961952,0.27559146853654054,0.23941928188388575,0.540883246502109
spotify:track:8csaXOcJL2vBom63OEkbp2,Better Days,Nova Lane,Horizon,81.0,0.6236569094889185,0.5146130528854317,10.850374658513608,-3.4415563998172214,1.012411728849105,0.09961867227664428,0.06602812792794795,0.050935319741147365,0.09691241755738747,0.5961397495566089,121.97032794798834,4.006738832776715,pop,relaxed,0.30678129646568314,-0.08152669667117718,0.3209419861451857,0.03204919143863682,0.5799368885349486
track_489,Tennessee Whiskey,Chris Stapleton,Traveller,54.0,0.43870982855986496,0.5026027442261158,3.9856853477923906,-6.508332578435029,0.9810972520776018,0.06736884807355827,0.1368490815466071,0.008022780973579845,0.23186387844033646,0.4250776133413221,122.85157376099079,3.995794917639809,country,relaxed,0.21364517497443627,0.07752513088479374,0.22049676375315694,0.06806835761645887,0.4524248171723231
track_515,Tennessee Whiskey,Chris Stapleton,Traveller,54.0,0.44166718592702975,0.49867969352260105,3.8602145669929526,-6.489664941780295,0.9954022522944287,0.06596185467988076,0.12752411322744628,0.003392217927425443,0.231023211872857,0.43097382347503016,120.75180775813426,3.9444004446313397,country,relaxed,0.2149178942067916,0.06770587004757089,0.22025045691708084,0.0639304275264419,0.4544935932249013
spotify:track:8csaXOcJL2vBom63OEkbp2,Better Days,Nova Lane,Horizon,81.0,0.6214734313698236,0.5147157213592974,11.07277246297594,-3.437950467224363,1.0049309506182247,0.09902442674535576,0.06934105287507303,0.049660384602335,0.09706282239800149,0.5994387419425647,122.04542451080397,4.003797001982147,pop,relaxed,0.30854054446967694,-0.0847230205832673,0.3198821455331566,0.03365012282466663,0.5806322425957622
track_482,Tennessee Whiskey,Chris Stapleton,Traveller,54.0,0.4420371997702919,0.5014809220913915,3.787763164663445,-6.737176168868194,0.9962606084455636,0.06570590885661055,0.1351425254469141,0.0,0.23827299484565576,0.41779740636683677,123.06240938308312,3.969801572449106,country,relaxed,0.2095174285922331,0.08368351572455474,0.2216732225395026,0.06737112717203628,0.4501743991052397
track_539,Fly Me to the Moon,Frank Sinatra,It Might as Well Be Swing,45.0,0.478959992801911,0.5518025053625359,4.940737839813048,-5.514173700936367,1.0077553227022686,0.03389816294515229,0.49336125682034043,0.13357764443108544,0.17409437841383787,0.4632899887563186,135.95939142970744,4.01507541255741,jazz,relaxed,0.25564457650511774,0.08851251660621734,0.26429132399651667,0.22112327925806705,0.4945447449518615
spotify:track:bVyow2FhYs2ghNfTVnB3hQ,Open Night,Morgan Banks,Your Night Collection,86.0,0.5805347824786247,0.5203293035598783,11.048582581337271,-5.8318671560940825,0.0007448345517930859,0.03339850652430509,0.13964528234702536,0.007687724717583883,0.11133374471500458,0.5705765421084332,112.32866721105069,3.9669907074499315,pop,relaxed,0.2968876947828846,-0.05024723854855495,0.3020692590593882,0.06698374983797509,0.5584898426549242
track_485,Body Like a Back Road,Sam Hunt,Montevallo,46.0,0.5299043599992126,0.5164087796663979,4.060576273895125,-8.307578820326459,0.9977214997537497,0.07963004583018773,0.5022500534905663,0.009559297965513126,0.18643558221868042,0.5659753672811886,142.35251540161616,3.9954010226853476,country,relaxed,0.2922746487389199,-0.049566587614790714,0.2736472638870969,0.2428837162801199,0.5402840888121586
track_497,Body Like a Back Road,Sam Hunt,Montevallo,46.0,0.5472183130324892,0.527397657375741,4.079642543247078,-8.059053604282871,1.0026438768728552,0.07967966851393728,0.5248401672576528,0.008295334766834684,0.1939374594269741,0.5558381415115784,143.63173752543318,4.019382939779571,country,relaxed,0.29314773371329206,-0.02844048413583744,0.28860165636643975,0.24804069254927466,0.5447200477271005
track_500,Body Like a Back Road,Sam Hunt,Montevallo,46.0,0.5352507990078363,0.5200571378679613,3.851944688270439,-8.663943472507516,1.004286250252916,0.07735992546200517,0.47974439531897456,0.010573204152295313,0.1839634460134751,0.5555912328504876,142.04290471636878,4.012692201672577,country,relaxed,0.2889391863807566,-0.035534094982526354,0.2783609985735548,0.2302498981811929,0.5388288742029343
track_505,Tennessee Whiskey,Chris Stapleton,Traveller,54.0,0.4466211967936741,0.49808544472428123,3.9573156127534492,-6.852920994220138,1.001385346626597,0.06515946547994797,0.12512215795557285,0.004310272334110043,0.23302484083573166,0.4246202888321526,120.94826823216043,4.004206432395562,country,relaxed,0.21149718540191548,0.07346515589212865,0.2224555174282679,0.06280063226540958,0.4532601079882477
spotify:track:q2Aapo0U0ZHgegCsC4hTYU,Fire Voice,Alex Banks,A Voice,61.0,0.6731319151255049,0.5253144343042356,9.021618290008902,-6.165648835105562,0.9867916874918126,0.08514755828122611,0.05885363455548479,0.027801595630766708,0.21391066110332227,0.5086193422596912,103.02358879648216,4.032289828843112,pop,relaxed,0.2671850820553421,0.016695092044544446,0.3536059112062813,0.027936970812222083,0.5629816417327986
spotify:track:BqeLE7ROoEDgK1ZJGhdE71,HUMBLE.,Kendrick Lamar,DAMN.,70.0,0.6835220415768567,0.33278922230736335,10.0272793320358,-5.671829964036886,1.0227608811083362,0.19874674268163026,0.14278257815805945,0.02438237605039383,0.14672407200048626,0.4968434003517959,95.53057598792311,4.019666369479227,hiphop,relaxed,0.16534412881162014,-0.16405417804443256,0.22746876864630342,0.09526607501379851,0.5036307393059845
spotify:track:1mXfVl2Lqem4YnM6lTOL5d,Drunk in Love,"Beyoncé, Jay-Z",Beyoncé,66.0,0.7883011465434021,0.4611256286093003,1.9335078136023864,-6.924838243409596,-0.0208300717869101,0.16436889513723996,0.0,0.007842055932942897,0.21094379168203964,0.46224369547291566,81.49232841093442,3.964309561128946,rnb,relaxed,0.2131524146456342,-0.0011180668636153746,0.36350586173325844,0.0,0.559725510734977
spotify:track:iXsjZYcAOai3jd9oemWXkL,Jolene,Dolly Parton,Jolene,50.0,0.5418751384346026,0.43025352899700886,11.17366722237874,0.554464408563805,0.9983803523455514,0.04875052586154535,0.16932059296845736,0.00782016271820862,0.16976485382063333,0.5548943550858705,107.02378795263692,3.9751918611631316,country,relaxed,0.23874525449621511,-0.12464082608886162,0.23314369058723047,0.09646981031191246,0.5135963422638317
track_482,Tennessee Whiskey,Chris Stapleton,Traveller,54.0,0.44580695263686587,0.5001102497736922,3.947003758663021,-6.765548074226001,1.0004142443106387,0.06643439366090827,0.14148988324408393,0.0008213344216162926,0.23914427312579203,0.4200821970454951,124.14542139467146,3.9766561985528663,country,relaxed,0.21008741248990395,0.08002805272819713,0.22295262643407157,0.07072934239443457,0.4518080395413655
spotify:track:0hTtiNNsq5Is8Lhnsvik6s,Rising River,Casey Chase,Your River Sessions,73.0,0.7053693108340174,0.5085759705506178,-0.11088712389061632,-6.902836784054532,1.0029983696316787,0.09781023123111421,0.07932591261996594,0.01425122325846736,0.10049191829909943,0.4628608815738585,129.01784599311281,4.000505847176728,pop,relaxed,0.23539992207633964,0.045715088976759244,0.3587338818540308,0.03898265961945326,0.549327937044934
track_473,Body Like a Back Road,Sam Hunt,Montevallo,46.0,0.5300223577506002,0.5203776968161723,4.199012794214381,-8.154586015645412,1.0036945517082296,0.07858832616580849,0.4898546990426079,0.008188785731206535,0.18844460897288334,0.5627053572512436,143.24767621822394,4.038512412794817,country,relaxed,0.29281931779252357,-0.0423276604350713,0.27581181378733466,0.23494523898023636,0.5402021592705292
spotify:track:FlUXSYF348jKXISeDaaeEP,Electric River,Skylar Ray,River Collection,75.0,0.6073664115047348,0.5351060569734323,9.909276143842273,-5.938236971886675,-0.002220802474384476,0.08481048823355646,0.2960541358707035,0.014243896459583629,0.11711476646792847,0.5372455993792872,142.83037871446206,3.985929448759429,pop,relaxed,0.2874833743101786,-0.0021395424058548995,0.3250054455984017,0.13763377457425457,0.5576399802951649
track_497,Body Like a Back Road,Sam Hunt,Montevallo,46.0,0.5482679830085171,0.5284301949589263,4.129588771372225,-8.102920546657275,0.996171924477225,0.07938237275931986,0.5304388571713715,0.0078044829197357725,0.19262349433084983,0.5524789972418407,142.35023055892938,4.013841320698628,country,relaxed,0.29194658422321795,-0.024048802282914394,0.28972135715092795,0.2501389484625136,0.5440010522869693
spotify:track:6Fj8l02GyFLF2uOyxDjMCE,Body Like a Back Road,Sam Hunt,Montevallo,46.0,0.5379633560432913,0.519337833113987,4.107842654546208,-8.273055423882525,0.9937110870736318,0.07865750345117808,0.49278952199660503,0.007664577026264341,0.18754778324832888,0.5618794010363645,142.13599468890476,3.9853548124513147,country,relaxed,0.2918052306056104,-0.04254156792237751,0.27938472362225114,0.23686527946161076,0.5419421171617292
spotify:track:0hTtiNNsq5Is8Lhnsvik6s,Rising River,Casey Chase,Your River Sessions,73.0,0.7041283938555093,0.5090066173533533,-0.07638951965103155,-6.846168668997831,1.0090658179799015,0.09838290900826688,0.07821164047781007,0.016083169394139188,0.10033721045408732,0.46591421210470424,128.77704241903695,3.988144035917947,pop,relaxed,0.23715341708026827,0.043092405248649046,0.3584060119388425,0.03840139792054336,0.5503061882045405
track_498,Body Like a Back Road,Sam Hunt,Montevallo,46.0,0.5414489515736616,0.5179899170102011,4.081003156307952,-8.279377682588308,0.9910124385986662,0.07732540886321804,0.5073678062254666,0.013067898747884513,0.18425593019494863,0.5670030979010177,141.33012268458555,3.977176606172143,country,relaxed,0.2937018876262751,-0.04901318089081652,0.28046509749090137,0.24455639838508936,0.5446328997355658
spotify:track:8csaXOcJL2vBom63OEkbp2,Better Days,Nova Lane,Horizon,81.0,0.6196855007065305,0.5131683606646207,11.038421854625938,-3.520119834425606,0.9926061949597509,0.10061621016933953,0.07334152829233666,0.04999015591694499,0.09645409653952829,0.5964976144573809,122.37269884866896,3.9821005698416396,pop,relaxed,0.3061037029514511,-0.08332925379276024,0.3180029925252049,0.03570497644992036,0.5784552041942977
track_478,Body Like a Back Road,Sam Hunt,Montevallo,46.0,0.5369652378228861,0.5170155075159824,4.302281291995006,-8.291615233665999,1.0249732144857755,0.08104047057988799,0.4784840200642602,0.010658749440843971,0.1933993580904734,0.567550294058592,141.25723949485516,3.9618872994177217,country,relaxed,0.29343230332354797,-0.05053478654260968,0.27761935495143963,0.23110036159244923,0.5432143412250974
track_505,Tennessee Whiskey,Chris Stapleton,Traveller,54.0,0.4411175047951782,0.4972164972345963,4.197167090301954,-6.835089127213884,0.9877405848171502,0.06670039116117474,0.13703143237059182,0.004021490707736768,0.2317493217149896,0.4305628940533684,120.93093073224102,3.966234247233102,country,relaxed,0.21408297402040644,0.06665360318122793,0.21933090060312374,0.06889714355624668,0.45372535823027976
spotify:track:iXsjZYcAOai3jd9oemWXkL,Jolene,Dolly Parton,Jolene,50.0,0.5413940741136064,0.42796176841831685,10.977159151732208,0.6312289524696049,1.0086737780403203,0.04747663523584431,0.16667753481405786,0.007936544004033494,0.16952280852591006,0.5575571220071298,108.00659899495358,4.020427760622526,country,relaxed,0.23861313192839853,-0.12959535358881297,0.23169596536885628,0.0953459222594281,0.5138296015624289
spotify:track:SD73p2Y00OjfHpjwgeFlvT,Open Voice,Quinn Voss,A Voice EP,77.0,0.6155344635467573,0.5367912792422895,0.9298418617638546,-5.41461820389443,1.0067185574232809,0.10881886319507186,0.028565879014433186,0.028880651508613957,0.18944202540130314,0.4990280302393943,108.96670260971433,3.9815932764827764,pop,relaxed,0.2678738947299644,0.03776324900289524,0.3304135321049803,0.013231964275595124,0.5453089349324718
track_588,Fly Me to the Moon,Frank Sinatra,It Might as Well Be Swing,45.0,0.47929122275057273,0.5489787219090365,4.9829332882848405,-5.768116467219257,0.995236849484143,0.03364863793609405,0.48777783826748333,0.13643432838146038,0.16675731303127592,0.4546452830769433,134.4918024634983,4.047469526813721,jazz,relaxed,0.24959058642555243,0.09433343883209322,0.26312068288782875,0.2199981840398476,0.49033909662866004
spotify:track:6Fj8l02GyFLF2uOyxDjMCE,Body Like a Back Road,Sam Hunt,Montevallo,46.0,0.5384652520795278,0.5214409239133276,3.9240639716473416,-8.33287993964799,0.9940224966910693,0.07926588811588708,0.4831862775620474,0.007719277980008768,0.18875074493364463,0.5586191448191389,143.0445172826594,4.009564332036224,country,relaxed,0.29128688299016475,-0.03717822090581124,0.28077781853957184,0.23123317856785183,0.5414195107255122
spotify:track:W2yd0gOa0C7Q0rnG6xCVcm,Sweater Weather,The Neighbourhood,I Love You.,55.0,0.6626860235540597,0.3952259221415048,1.9928233344197714,-11.507226129519514,0.007974118502469008,0.0740149410176161,0.1645548646117808,0.04776498255957768,0.1331545923399959,0.565760927821378,115.4257114542379,4.0035835595184155,indie,relaxed,0.22360338440983746,-0.17053500567987318,0.26191069474944023,0.09951851650271924,0.5436779548372205
spotify:track:FlUXSYF348jKXISeDaaeEP,Electric River,Skylar Ray,River Collection,75.0,0.6081825259636519,0.537333297426939,10.031754596025152,-6.048789261522623,0.006513055636475172,0.08611589373101915,0.28884899554805754,0.014918845277431446,0.11656788704141151,0.5371059114586304,142.77332852811244,3.983358360195585,pop,relaxed,0.28860489047156745,0.00022738596830862434,0.32679672211349403,0.13364081231176056,0.5584971116006294
spotify:track:8csaXOcJL2vBom63OEkbp2,Better Days,Nova Lane,Horizon,81.0,0.6189859232649748,0.5149036591165661,11.02575451764957,-3.420172124310719,0.9997769661268102,0.09908281566016348,0.07405885027453328,0.04829261158761878,0.0985920939766297,0.6000796339551303,122.308008237647,4.013577444084141,pop,relaxed,0.3089831992848262,-0.0851759748385642,0.31871811683078155,0.03592567727821019,0.5801987282965144
spotify:track:EOGRnWWMQ6olKtKX9niq0w,Levitating,Dua Lipa,Future Nostalgia,75.0,0.6170456767578806,0.5085169072461934,6.076994629522604,-5.727044626421995,1.0012519610119432,0.11502908158275157,0.30939745461353163,0.017143581949759554,0.18045913518698806,0.5387832807580794,177.1131089817671,3.9888396685120937,pop,relaxed,0.273980407607056,-0.03026637351188599,0.31377815917455176,0.15206361788361406,0.553182087504454
spotify:track:FlUXSYF348jKXISeDaaeEP,Electric River,Skylar Ray,River Collection,75.0,0.6077494001537976,0.5369656882428304,10.001210222582964,-6.014245163529165,0.013633532008856308,0.08659088027543138,0.2937361182338281,0.018357619670690162,0.11429866118248753,0.5399070822856274,142.6169653217457,4.002365497738603,pop,relaxed,0.28991157802668044,-0.0029413940427970298,0.3263405749327513,0.13600990134462318,0.5593773594332394
track_511,Tennessee Whiskey,Chris Stapleton,Traveller,54.0,0.4541846224233955,0.4989980486250362,4.177880890882242,-6.623817133902895,0.9663213190971764,0.06776562867345116,0.1322728568324724,0.0022320384376142517,0.22613394653597604,0.4220635793575802,120.94239449529492,4.062233430727473,country,relaxed,0.21060890249513065,0.07693446926745601,0.22663724030477322,0.06626895938700987,0.4547802330575616
track_473,Body Like a Back Road,Sam Hunt,Montevallo,46.0,0.5317471824696763,0.5240728218511961,4.113266066670116,-8.070116239728124,1.0161770606556757,0.07974907414879467,0.48035534244720374,0.009817793604874541,0.1867655780075948,0.5572455952903289,143.06016717896395,4.026613773967471,country,relaxed,0.29203727158795223,-0.03317277343913283,0.2786742464283061,0.22861416263960005,0.5396442394123933
track_498,Body Like a Back Road,Sam Hunt,Montevallo,46.0,0.5344292812993194,0.5180445621353837,4.244526328731866,-8.398085744329993,0.9850453167973191,0.08086170110011656,0.503607955177333,0.011175939247569771,0.1833425727611171,0.5646539630371128,141.88975858996127,4.026730464732754,country,relaxed,0.29251591503957025,-0.04660940090172905,0.2768581830230338,0.24271659254959557,0.5416037382452561
track_580,Fly Me to the Moon,Frank Sinatra,It Might as Well Be Swing,45.0,0.4781383260918544,0.5467949184759169,5.097568961159068,-5.783948624056774,1.0139291927142864,0.03263780504535263,0.49618517999802714,0.1355381246701516,0.17327330165501215,0.4624764536011713,134.44606992055506,3.9710561142234746,jazz,relaxed,0.2528797747438836,0.08431846487474559,0.2614436070356069,0.22487364495204776,0.49247055481079993
spotify:track:qG16GsWBog76iATeqzNMmH,Sleepyhead,Passion Pit,Manners,62.0,0.5719545303803663,0.5399550793012009,10.920215346991514,-11.123990963662267,1.0117246779116629,0.060035017724259516,0.341824620865402,0.1357685516932339,0.1922219570534635,0.5615645282095258,141.51399373062435,3.9993216513328185,pop,relaxed,0.303219619362116,-0.021609448908324946,0.30882975380821176,0.15725468059892092,0.5581986941882805
spotify:track:6Fj8l02GyFLF2uOyxDjMCE,Body Like a Back Road,Sam Hunt,Montevallo,46.0,0.5361622073458782,0.5174876070979135,3.900320791985525,-8.24625521994463,1.0088077400041717,0.07921753724210155,0.4830349556511929,0.007933202114866698,0.18643331091403573,0.56063934903672,142.03897082272184,4.03433186839345,country,relaxed,0.29012391517794417,-0.04315174193880644,0.27745729769575384,0.2330703523066103,0.5403506839478255
track_517,Body Like a Back Road,Sam Hunt,Montevallo,46.0,0.5362610662064635,0.5222183415580556,4.106210231444112,-8.142275076998606,1.024888930853224,0.08248670630140774,0.4859973009795176,0.013336929255802219,0.18465612763039646,0.5590368605693744,141.98710306170304,4.035841359104198,country,relaxed,0.29193930219636066,-0.03681851901131883,0.28004536463649404,0.23220059646030275,0.5411585665571055
spotify:track:BqeLE7ROoEDgK1ZJGhdE71,HUMBLE.,Kendrick Lamar,DAMN.,70.0,0.6877990866717137,0.3330980808185597,9.979199972450719,-5.6514269677120845,1.0139303248941804,0.1980409454773692,0.13400264582404217,0.02197399849865633,0.15109929764017924,0.4915385572420488,95.45011953811124,4.035139328567452,hiphop,relaxed,0.1637305500656502,-0.15844047642348913,0.22910455575910604,0.08936662167544454,0.5028845731439016
spotify:track:SD73p2Y00OjfHpjwgeFlvT,Open Voice,Quinn Voss,A Voice EP,77.0,0.6175283559421438,0.5380236789462292,1.0664595222227264,-5.629619956167928,1.0002241249236423,0.10700366109258601,0.04159221584273656,0.027333941958510414,0.18706935197633828,0.49536180344074243,109.05397313303794,4.013721728925485,pop,relaxed,0.2665163798966271,0.042661875505486724,0.3322448779176087,0.0192146188595018,0.5448103318428088
spotify:track:6Fj8l02GyFLF2uOyxDjMCE,Body Like a Back Road,Sam Hunt,Montevallo,46.0,0.5357215871271849,0.5178231565173592,4.044049194205346,-8.14704055992508,1.007276890594186,0.0782888142436277,0.4960914835147405,0.008937969350143293,0.18631228452472076,0.5636721629872306,141.72814336292697,3.989095025754404,country,relaxed,0.2918824986790151,-0.045849006469871334,0.2774090432606883,0.2392038255997581,0.5415322882882554
track_488,Tennessee Whiskey,Chris Stapleton,Traveller,54.0,0.456301837649915,0.50222299470254,4.16622620814819,-6.682543391705487,1.0362316505832596,0.0623678504835086,0.1289278455150599,0.006056628188377201,0.2345756660750588,0.4271827977161999,122.22996239901993,4.011333980666788,country,relaxed,0.21454102395443925,0.07504019698634007,0.2291652753928125,0.06417731683994009,0.45843056879221644
track_482,Tennessee Whiskey,Chris Stapleton,Traveller,54.0,0.4456863160532798,0.49920463723797864,3.8240791722132137,-6.743686559994016,0.9975955794674597,0.06479295745364776,0.13811293560097754,0.001684267878668662,0.23745366591398606,0.41669319308797304,122.07667593052227,4.007625693054769,country,relaxed,0.20801517429501656,0.08251144415000561,0.22248867572730863,0.06916631768641925,0.45014456322256674
spotify:track:q2Aapo0U0ZHgegCsC4hTYU,Fire Voice,Alex Banks,A Voice,61.0,0.679648532131589,0.5267594551062246,8.85899726453122,-6.230942350345732,0.998611287276264,0.08509928101354322,0.04631823269325025,0.023287841424644108,0.21351593641177186,0.5115329376880703,104.1393243318369,4.012055506056963,pop,relaxed,0.26945481152545425,0.015226517418154284,0.3580112904493812,0.02191966567827043,0.5665355712465722
track_473,Body Like a Back Road,Sam Hunt,Montevallo,46.0,0.529513362233277,0.5237198073057416,4.09633862223596,-8.155362852550075,1.0113741799590918,0.07878933292807887,0.4891563012873929,0.010055383378129445,0.1896937780355623,0.557538588944951,142.6754623295021,3.9980330113577804,country,relaxed,0.29199400236776485,-0.03381878163920937,0.27731663603462725,0.2329754574347702,0.5389853864396861
track_489,Tennessee Whiskey,Chris Stapleton,Traveller,54.0,0.44340019122201646,0.5012021373850368,4.048213563176095,-6.460855302074265,0.9873387788017979,0.06728439761041721,0.14172058620698075,0.0092963071932223,0.23291854005187687,0.420796306452145,123.09259737862213,3.992162086599163,country,relaxed,0.21090400819754404,0.08040583093289183,0.2222331235574087,0.07068992548858163,0.451699221162974
track_498,Body Like a Back Road,Sam Hunt,Montevallo,46.0,0.5362121868005081,0.517560648439104,4.011259578065881,-8.36697825394636,0.9784718890511681,0.08053302386528732,0.4986183503292945,0.010772289390101455,0.18464716195150174,0.5664743876550177,141.6955111688644,3.9996497889967118,country,relaxed,0.2931848513988753,-0.04891373921591369,0.27752232710142094,0.24055311360922854,0.5427216056338907
track_497,Body Like a Back Road,Sam Hunt,Montevallo,46.0,0.5399915745229077,0.5281759434213859,3.9403725567071364,-8.078954097557238,1.0237597317631861,0.08053202679677925,0.5237267419548219,0.008725476646493601,0.19583941544129907,0.5518321631110132,143.17476550213564,4.008777232460928,country,relaxed,0.2914644733614235,-0.02365621968962739,0.28521055931323636,0.24710687592782515,0.5411831206276934
track_511,Tennessee Whiskey,Chris Stapleton,Traveller,54.0,0.4535205614622057,0.49826855365702843,4.058704980758582,-6.60678998061997,0.9618989054223932,0.065359328999967,0.1368315363104764,0.004886658376373154,0.2277111146638249,0.4236871095688086,121.59712795043566,4.0246325561087115,country,relaxed,0.2111099632879772,0.07458144408821982,0.2259750342134967,0.06865268461838617,0.4550115783632937
spotify:track:sBjWBbbabVQ4QJNkggMCXC,Electric Road,Quinn Blake,The Road Collection,64.0,0.5453343212633481,0.6177205371627269,3.065279586866205,-5.173840788845564,0.9964884125200556,0.04763692138023189,0.1781400891318066,0.030882603877774945,0.32385703374114,0.337348068370186,155.61215165130176,3.9873207214373547,rock,energetic,0.2083868300044396,0.2803724687925409,0.3368642098640665,0.06809929758309098,0.4838556848758969
spotify:track:F8yo9ALI8WqzWjC3UCk9my,Electric Night,Sam Voss,Your Night Sessions,63.0,0.39573931363408954,0.706114099118427,10.78336122121398,-4.283770149765452,0.03261560839469057,0.037312768581522056,0.09607123508299005,0.12775019759421627,0.09388304336354675,0.5590622388207838,104.45303969540198,3.936246998866757,rock,motivational,0.39476172911606866,0.14705186029764328,0.2794371089324798,0.028233981471169907,0.5541809193540684
spotify:track:34RApa10bO0ZbJ30uBvMpb,Fire Soul,Taylor Lane,The Soul EP,63.0,0.4775158483351501,0.7359041688090305,6.024882905634724,-7.152470993001541,-0.029848820922241403,0.03498730929072275,0.17037133362527318,0.10085082975018045,0.10041433770663039,0.4986272209724781,112.25831746487587,4.0181516878907955,rock,motivational,0.36694185059530826,0.23727694783655245,0.35140590346221773,0.044994358964880486,0.5634768935322454
track_455,B.Y.O.B.,System of a Down,Mezmerize,60.0,0.4105628926711742,0.6862115869903651,6.019703108098269,-1.1913241093169926,1.004839432969097,0.10888513666438576,0.06671099069196684,0.1331015468514311,0.13785342252920982,0.5461658587270195,152.83515765700776,5.045002335554317,metal,motivational,0.3747853406770236,0.1400457282633456,0.2817330141392414,0.0209331358995328,0.5474986873892697
spotify:track:HvL0uOYzSZnNPVOA3qRJDe,Fire River,Alex Woods,Your River Sessions,69.0,0.5413331006944672,0.907992435122655,9.105365423742692,-4.000729598111739,0.008995791555137488,0.04922122278091119,0.1534844931663972,0.13771552477870344,0.26179313928361897,0.5007118087520992,114.04658061621387,4.026725930902049,rock,motivational,0.4546425345234877,0.40728062637055584,0.49152636031206665,0.0141217344626737,0.6350823842459763
spotify:track:Kff6S1PRiTb86eT8dKEaS5,Smells Like Teen Spirit,Nirvana,Nevermind,60.0,0.45418007941860444,0.8251985097379398,7.833297489104904,-3.341625890450334,1.0042965669590684,0.07543293521885845,0.04863480980593935,0.0775059377065938,0.14654469897792463,0.5403312516339358,110.93188390971102,3.051599435285464,rock,motivational,0.4458805436131596,0.28486725810400404,0.3747887246888916,0.008501437232690055,0.5999460774005376
spotify:track:ucE84VQ9X3Gck2qxvNG9ll,Somebody That I Used to Know,"Gotye, Kimbra",Making Mirrors,65.0,0.42618013690772216,0.9042328424918552,10.822043488884919,-2.2509759979878927,0.9904784782426093,0.055356010760634906,0.12692382231048993,0.128164505774083,0.13363495307006312,0.5987271827434547,150.99793742533248,4.039813730231615,rock,motivational,0.5413887823292545,0.3055056597484005,0.3853660766096376,0.012155133682744472,0.6386147669172552
track_455,B.Y.O.B.,System of a Down,Mezmerize,60.0,0.4138247543804825,0.6812265007257328,6.055020485585523,-1.2331414251818835,1.0039779975045258,0.1101337002151126,0.06405681699545476,0.13565519371980972,0.13920462140543094,0.5440101862090233,153.31007790988897,5.037773813909959,metal,motivational,0.3705941555103272,0.13721631451670946,0.28190838934030193,0.02041961570601247,0.5461194510154739
spotify:track:ss5cuO9CTw0NZAH1w6bfcr,Dark Night,Casey Page,The Night Diaries,78.0,0.2596872793529185,0.8442454512058307,2.04002430354738,-6.097046947906163,-0.0075383374747430305,0.03992544518521422,0.06643427990508118,0.13564609011311646,0.07931599174763969,0.5180059899030006,154.24429356609187,3.9966500965440415,rock,motivational,0.4373242006729818,0.3262394613028301,0.21923980432971932,0.010347441291081465,0.538382215128825
spotify:track:F8yo9ALI8WqzWjC3UCk9my,Electric Night,Sam Voss,Your Night Sessions,63.0,0.3923560701957812,0.6966834453109515,11.033758650806938,-4.439322087755342,-0.009011809352126079,0.03827537239938803,0.10100302945599773,0.12736069172063236,0.09739256122088596,0.560439723317999,104.03901462636098,3.9207011707609225,rock,motivational,0.39044907733029993,0.13624372199295254,0.27334797877266237,0.030635890907749715,0.5508877439792195
track_432,Rising Night,Alex Ray,A Night Sessions,64.0,0.3311887247065744,0.860833219272235,-4.61629520613382,-3.7382349738000036,-0.018805434995730876,0.04924301523342694,0.010945589370783586,0.08309681797009592,0.06958004481395628,0.5002345382410104,151.82860412984311,3.965097466925125,rock,motivational,0.4306185079451689,0.3605986810312246,0.28509825607582645,0.0015232624358999948,0.5577003984900469
spotify:track:H4QOniD0NCNOJ1fUupBvep,Distant Rain,Casey Stone,The Rain Chronicles,68.0,0.5043772785484355,0.673955241603268,2.9083538029761913,-3.8886011503666627,0.005459022544807852,0.06472496435142715,0.08325540486465782,0.13536608977736964,0.09653650357393848,0.562772909343929,100.650773523334,4.00991557965457,pop,motivational,0.3792837520846617,0.11118233225933905,0.3399277106233097,0.027144988364319462,0.5786089197830826
spotify:track:GQRrcKH7H1iWTsimoYUzCR,Fading Night,Drew Rivers,Night Sessions,68.0,0.5513691825463899,0.8539532236873734,6.031300579837918,-7.19014645881958,0.989404915890926,0.03615361484618503,0.03824134464207259,0.10706368027515582,0.07990562708518069,0.5260526606973502,154.3848106227294,4.012965918343495,rock,motivational,0.44922436543182226,0.3279005629900231,0.4708434908773615,0.005585025106834839,0.6320177861490691
spotify:track:Kff6S1PRiTb86eT8dKEaS5,Smells Like Teen Spirit,Nirvana,Nevermind,60.0,0.45584726451887625,0.8216136772723122,8.039497060588975,-3.259746533913376,1.013755526564966,0.07600863205982444,0.04759514518664114,0.07390945266482006,0.1465639743318844,0.5432506818120147,109.98762211531745,2.9390445222086643,rock,motivational,0.4463421903642602,0.2783629954602974,0.3745303472758783,0.008490322929535325,0.6005385552621625
spotify:track:Kff6S1PRiTb86eT8dKEaS5,Smells Like Teen Spirit,Nirvana,Nevermind,60.0,0.44830038333880096,0.8208373577771563,7.903727631182707,-3.3230300732684075,1.004698829822296,0.07606695672578265,0.050888966889883654,0.07535495027295902,0.14530808209896368,0.541701487099357,111.49452745162057,2.9483873965571523,rock,motivational,0.44464881737459244,0.2791358706777993,0.3679817021503077,0.009117401767982366,0.59742191717453
track_410,B.Y.O.B.,System of a Down,Mezmerize,60.0,0.40568397206020357,0.6772155652907772,6.138918404420828,-1.1659364370127558,1.03449072928714,0.10972853042206246,0.06334785746778705,0.1366958674550338,0.14413278536093196,0.546013784559021,151.829444196093,5.068887302680072,metal,motivational,0.36976903376669407,0.13120178073175615,0.27473550046815864,0.02044770236278006,0.5432753750289027
spotify:track:ss5cuO9CTw0NZAH1w6bfcr,Dark Night,Casey Page,The Night Diaries,78.0,0.25503107207644804,0.8464486121640774,2.063857950818978,-6.284177076431497,0.009627476056483342,0.04001680166428761,0.06493464716563482,0.13618640216709746,0.08678323804637737,0.5238568739640235,154.0034386021739,3.998111528496601,rock,motivational,0.44341792393945967,0.32259173820005393,0.21587069701782624,0.009970805190919184,0.5399866548577671
spotify:track:NCAIZMx2aj9N9KCtwN4KpH,Rising Storm,Taylor Woods,Our Storm EP,70.0,0.6304534310811394,0.6908793774347904,10.839449314774383,-3.0720281196522508,0.9873240723944399,0.050341376606176366,0.13186743409875332,0.0778089042728336,0.2503030103050374,0.5605657426925347,153.36328178944368,4.032536711933895,rock,motivational,0.3872833113226893,0.13031363474225577,0.43556727396696515,0.040762943324683366,0.6206261396317928
spotify:track:ucE84VQ9X3Gck2qxvNG9ll,Somebody That I Used to Know,"Gotye, Kimbra",Making Mirrors,65.0,0.42810038070537293,0.9025829426719655,11.088483020490607,-2.2661073608240674,0.991434430584032,0.05599475538091643,0.13082185985455108,0.1292430394735653,0.1344135643280675,0.5990154639204953,150.4534352711226,4.00135199692406,rock,motivational,0.5406611401313732,0.30356747875147017,0.3863961013760442,0.0127442806212109,0.6388111825813997
track_410,B.Y.O.B.,System of a Down,Mezmerize,60.0,0.40854443907231697,0.6799306576337115,5.756113193705449,-1.086006582960136,1.0334881397394178,0.1109160045278224,0.059972680985213904,0.13775318354101196,0.1423131486589145,0.5472154364702897,151.317433375451,5.020027537458132,metal,motivational,0.37206855158656255,0.13271522116342183,0.27778188913103624,0.019195416562880627,0.5454287035999245
spotify:track:ddvk9WbjbBepVVFWKmp4G5,Dead Planets,Stellar Collapse,Event Horizon,67.0,0.6310546223249008,0.6692596730590805,9.106074541674822,-3.2401854883058867,1.0093329986251853,0.0784760012890516,0.14033859416921163,0.13715740878221308,0.1965840605694389,0.5852199083062511,116.980225506074,5.044796241625249,rock,motivational,0.3916640845007067,0.08403976475282937,0.42233941021958465,0.046415632517954074,0.6241822519376949
spotify:track:ogrPWlE5Me3ExDi6ZWrzQC,Silver Echo,Morgan Stone,A Echo Collection,77.0,0.5841321728425042,0.7565910317013964,6.156142674428301,-4.88324276399846,-0.00031960034552639896,0.05147398512930375,0.22673278541210296,0.007717046611882432,0.20138343591544014,0.5603397350025673,104.61410800080064,3.9753626097056896,pop,motivational,0.42394801820887945,0.19625129669882913,0.4419491633008886,0.05518879337662866,0.626352855364197
spotify:track:ss5cuO9CTw0NZAH1w6bfcr,Dark Night,Casey Page,The Night Diaries,78.0,0.2562094129081891,0.8421220758481403,1.8893975306264867,-6.107590254778675,0.0017940197436384009,0.04059797365512353,0.06312129434910292,0.13663036472207382,0.08157366491027836,0.5203631360645582,153.43107494772764,4.004589069449596,rock,motivational,0.438209284337534,0.32175893978358205,0.21575960265007751,0.009965458921614885,0.537644701052722
spotify:track:ff2Ct6kqGmZns4sojXNix3,B.Y.O.B.,System of a Down,Mezmerize,60.0,0.4162364593929673,0.6826235354361195,6.129833160100149,-1.1288492326576978,1.0195364115703973,0.11112568049487077,0.06597284238319254,0.1374861280585901,0.14411923766376147,0.5598928920980074,152.5591492258849,4.9779297101811615,metal,motivational,0.38219606546949564,0.12273064333811212,0.2841328034882401,0.02093822747280778,0.553615155287929
track_410,B.Y.O.B.,System of a Down,Mezmerize,60.0,0.40673505779066566,0.6775088654719186,5.943100028901211,-1.2244476188581892,1.0130159348244963,0.11175953126658562,0.06046291792790043,0.13457085608623517,0.14228266448605925,0.5472058576964077,150.47960986470594,4.997862856503875,metal,motivational,0.3707368198274813,0.13030300777551085,0.2755666075514091,0.019498754999446883,0.5441555200573384
spotify:track:gPsj6twWc1xXTYdhc471ZM,Broken Crown,The Ravens,Dark Horizon,71.0,0.4160937682383533,0.9070852390058904,2.1107881596030813,-5.39748460254306,1.0083655108963676,0.08644591350957724,0.014874712089829727,0.03171311141082948,0.22079803602410725,0.5963967046201246,156.96851449021983,4.985239275090882,rock,motivational,0.5409826473526712,0.3106885343857658,0.3774325152113483,0.001382080318682721,0.6355123840213229
spotify:track:r2LJyBCh76yTSVLg3el956,Use Somebody,Kings of Leon,Only by the Night,81.0,0.625388410862548,0.7927920931123368,7.25562874096426,-7.342871857445909,-0.003091670505685537,0.062424372738510966,0.07590921360480418,0.05413036587843999,0.1225559198228934,0.4742086180275597,127.21651009248836,4.010605275337648,rock,motivational,0.37594884285797764,0.3185834750847771,0.49580298725591754,0.015728989264540003,0.6151375984034894
spotify:track:ff2Ct6kqGmZns4sojXNix3,B.Y.O.B.,System of a Down,Mezmerize,60.0,0.4119696360375002,0.6841982976143434,5.9669293087252795,-1.1153538133571141,0.9966714984567514,0.11058911781292056,0.06502965323818335,0.13724885946244178,0.14572866205936288,0.5606181559399871,152.449471377346,4.977143228096659,metal,motivational,0.38357398790583164,0.12358014167435627,0.2818689236456583,0.02053647519816723,0.5530976424715479
track_440,B.Y.O.B.,System of a Down,Mezmerize,60.0,0.41888893648048375,0.6817164984507659,5.992575958535944,-1.1439989388406069,1.0170618477664515,0.10835628037578804,0.06492516797446314,0.1333711093239546,0.1413477538090052,0.5566477399809648,153.52446328192693,5.093936980041111,metal,motivational,0.37947594817035574,0.12506875846980103,0.28556349901724065,0.020664609801584324,0.5528407264717609
spotify:track:ss5cuO9CTw0NZAH1w6bfcr,Dark Night,Casey Page,The Night Diaries,78.0,0.2548967801577545,0.8433725020980284,1.880121101356795,-6.247086109688157,0.012621207300850206,0.039639596223246684,0.0639400793606167,0.13413125448047955,0.08255035701131648,0.522669692052285,155.33598704653554,3.9572889944229064,rock,motivational,0.44080524595694154,0.3207028100457434,0.21497293525837652,0.010014774645906891,0.5385486614976489
spotify:track:Abt7GWo8tXRoSCHIc584Hn,Rising Night,Alex Ray,A Night Sessions,64.0,0.3379785937990322,0.850214020102593,-4.831945870697823,-3.798812042588828,0.012439145129353565,0.045479616424002736,0.012415143412930861,0.08186399684713715,0.0673692659642477,0.5020569655220984,153.916861372543,3.9910782353148977,rock,motivational,0.42685587097705224,0.3481570545804945,0.2873541389424965,0.0018596144216726875,0.5572805703793269
spotify:track:gPsj6twWc1xXTYdhc471ZM,Broken Crown,The Ravens,Dark Horizon,71.0,0.41589304067937694,0.9098748144294542,1.9896090859234714,-5.355531056824257,1.0199617062009518,0.08710309457144694,0.014786059297168305,0.031063107170223803,0.21925975582320972,0.5982117611780803,154.9006360685427,4.9790060335571,rock,motivational,0.5442978151914227,0.3116630532513739,0.3784106032106495,0.0013325963380143879,0.6370150610038815
track_432,Rising Night,Alex Ray,A Night Sessions,64.0,0.3357748847857904,0.8605040921362122,-4.6170089739596,-3.8547484965430168,-0.031475295924945135,0.04900419610371745,0.008728159105581751,0.08421514418395788,0.06892432030906806,0.5018742853081791,150.94768891725377,4.013669006892847,rock,motivational,0.431864876245625,0.358629806828033,0.2889356623947378,0.001217542478412713,0.5596334071998724
spotify:track:ogrPWlE5Me3ExDi6ZWrzQC,Silver Echo,Morgan Stone,A Echo Collection,77.0,0.5789527375918991,0.7518539858687346,6.037289320087089,-4.863658758609632,0.010427549479358943,0.053286110504710354,0.22489332221662578,0.007813165716943361,0.20126123096099244,0.558198178636059,104.02281344675539,4.009384063974173,pop,motivational,0.41968352551218896,0.19365580723267561,0.435287923388085,0.05580638151279403,0.6225212884926137
track_455,B.Y.O.B.,System of a Down,Mezmerize,60.0,0.4045911994415,0.6815948927946396,6.096157577474732,-1.2675305316648073,1.002416134828277,0.10973452466077677,0.062200916007897476,0.13575444240116338,0.13628630082882187,0.5439325140547906,153.24657481813105,5.0651143854595535,metal,motivational,0.37074162360469376,0.137662378739849,0.27576729520898385,0.019805089329766216,0.5434288332927582
spotify:track:gPsj6twWc1xXTYdhc471ZM,Broken Crown,The Ravens,Dark Horizon,71.0,0.42088025531706497,0.912080796978475,2.0017522509210535,-5.449349539739141,1.0049567357609686,0.0866045339602105,0.018927247147311182,0.028819404269318248,0.22144886446927034,0.5965876364673538,156.59997727452412,4.929075274457884,rock,motivational,0.5441361269366488,0.3154931605111212,0.3838767987020926,0.0016640684845830318,0.6385233702756036
track_412,Rising Night,Alex Ray,A Night Sessions,64.0,0.31715871271876117,0.8708283123864282,-4.626155309167969,-3.7279655738677935,-0.010513861304159914,0.04619215321564561,0.02225981491403452,0.0840660873147861,0.07241036241754491,0.5039563228778567,153.05334550078774,4.0428584288204705,rock,motivational,0.4388594341681939,0.36687198950857147,0.2761907865555308,0.0028753378584115935,0.5579786366826995
spotify:track:uJlRvaBEF3JnWYcy4ShUT6,Broken Storm,Riley Banks,Storm,66.0,0.4967313649032435,0.8394669787711996,8.96433248452156,-7.150988375193818,0.0014831377922426628,0.050337209384518175,0.13960133361195123,0.13491065009387712,0.21068883057001758,0.5691364890985103,147.2835668790302,12.169473413506863,rock,motivational,0.47777128901197424,0.27033048967268924,0.4169895781562201,0.022410623852296217,0.628514098741737
track_433,Paranoid,Black Sabbath,Paranoid,45.0,0.25768994581641663,0.8603104711300876,9.41637013136493,-2.8253691070521736,0.05069806910292594,0.0517632074971601,0.0320798789630777,0.13651375930296736,0.1068869283358077,0.5539289270619929,172.27527957934046,2.994769752068463,metal,motivational,0.4765508562132871,0.3063815440680947,0.22169335869080814,0.004481223178556137,0.5569716959087484
track_433,Paranoid,Black Sabbath,Paranoid,45.0,0.25990117506097693,0.8594224131075235,9.134096384155917,-2.690810005841742,0.029086511399471347,0.053923684607879885,0.03142762894333983,0.13743144209760538,0.1024707458359111,0.5571071810377489,172.37893550288572,3.0417102434021097,metal,motivational,0.4787903978869922,0.3023152320697746,0.2233648950403857,0.0044180202386068625,0.5586399488656497
spotify:track:qZ2Ux6Z1cJtX62wX1JWay4,Midnight Voice,Sam Cross,The Voice Sessions,75.0,0.43768933697478746,0.6468674725052451,6.884481802200619,-5.515935872551264,1.0319941004227315,0.04880850330749755,0.1905583085822691,0.08087078479907275,0.11592626069528249,0.4530387646673841,100.28748994543533,3.975303231012771,rock,motivational,0.2930560406472893,0.19382870783786105,0.2831269951513773,0.06729233714478212,0.5065825487109634
track_440,B.Y.O.B.,System of a Down,Mezmerize,60.0,0.42015922101228403,0.6816318983951407,5.949833142100562,-1.0312880093153969,0.9848780360706434,0.1094905869233237,0.065145284861703,0.1338681237741293,0.13923394583246804,0.5583424545766741,152.15123032998935,5.101269850540506,metal,motivational,0.38058402726770096,0.12328944381846663,0.2863939274468267,0.020740180669928162,0.5538743176528971
track_440,B.Y.O.B.,System of a Down,Mezmerize,60.0,0.41817344751055946,0.68186393043717,6.159178453200587,-1.1888890651781368,0.9816949488112492,0.10863785616678542,0.06543180614816654,0.1356934872171711,0.14469008396018837,0.5577319894126508,151.8425278559367,5.143739439271765,metal,motivational,0.38029732643145214,0.12413194102451919,0.28513739052401166,0.02081621763237472,0.5531040091493792
spotify:track:qdIKxNl6srR30cNSgmkA97,Open Light,Casey Page,Light Collection,81.0,0.6345950414678191,0.7465889345054608,9.969884161852345,-6.3709062417415385,1.0177083449216064,0.059928076189042036,0.1099395925752188,0.03224288127702213,0.24109024918929595,0.5592465574751142,111.11087587430308,3.9826770922391592,pop,motivational,0.4175272914711925,0.18734237703034662,0.4737816358519078,0.027859909294521725,0.6380538157820297
spotify:track:HvL0uOYzSZnNPVOA3qRJDe,Fire River,Alex Woods,Your River Sessions,69.0,0.5349456435661472,0.9144854530166053,9.096225075177811,-3.8747557102738406,0.012105089734539108,0.04892148321724857,0.15584900920487293,0.13759677077822652,0.25890738948199843,0.5004176918865194,114.51815695483748,3.978730488082369,rock,motivational,0.45762469966236774,0.4140677611300859,0.48920000919584755,0.013327357419965614,0.6349964057294335
spotify:track:HvL0uOYzSZnNPVOA3qRJDe,Fire River,Alex Woods,Your River Sessions,69.0,0.5308227497836385,0.9158066099872446,9.063777723374635,-3.9967055864049987,0.009543239119556367,0.04984852004330066,0.15645020503127657,0.13501736130057662,0.25946646025033493,0.5015432903089813,113.07495085569674,4.069388560046209,rock,motivational,0.4593166604597166,0.41426331967826335,0.48613098298346136,0.013172073129773814,0.6346061240548574
spotify:track:H4QOniD0NCNOJ1fUupBvep,Distant Rain,Casey Stone,The Rain Chronicles,68.0,0.5034793654690709,0.6729071493719609,2.990184926126085,-3.761589762159512,0.009607852980747997,0.06390702375385325,0.07539873889935739,0.13719532036037035,0.09712480451951683,0.5606432269931616,102.32565136552525,4.075413105346163,pop,motivational,0.3772608356906656,0.11226392237879934,0.3387948645853962,0.024662388440350024,0.5771732452495741
spotify:track:gPsj6twWc1xXTYdhc471ZM,Broken Crown,The Ravens,Dark Horizon,71.0,0.4163870093294835,0.9078738992367761,1.8858785254976012,-5.361158688202257,0.9998127380696338,0.08658912989309436,0.011971316915044576,0.032891929234606224,0.22407490687676537,0.5977915514375318,156.58243931211277,4.975037228647277,rock,motivational,0.5427193467343938,0.31008234779924426,0.37802689775149806,0.0011028707483838834,0.6363948931448906
spotify:track:GQRrcKH7H1iWTsimoYUzCR,Fading Night,Drew Rivers,Night Sessions,68.0,0.556701660381157,0.8530569405410938,5.795845676180309,-7.218247121410783,0.9862803378706992,0.03600359454328472,0.04373221580852196,0.103756188765256,0.07821529749845571,0.5237331972886091,155.7501758376138,3.979939129220299,rock,motivational,0.446774238938826,0.3293237432524847,0.47489821519889686,0.00642614558782136,0.6324208591921189
spotify:track:34RApa10bO0ZbJ30uBvMpb,Fire Soul,Taylor Lane,The Soul EP,63.0,0.47920322719283465,0.7380113481657988,5.939823662327712,-7.136676279278734,0.0011591060008507995,0.035032205081699075,0.17228809086423075,0.10095414660867442,0.1011822644342243,0.4985838841482989,111.70954666921784,3.9865468301334888,rock,motivational,0.36796056451402653,0.23942746401749992,0.35365741974598547,0.04513752465260817,0.5645979262669096
track_412,Rising Night,Alex Ray,A Night Sessions,64.0,0.3152601363072246,0.8678988814381543,-4.706630586086474,-4.037180134149025,-0.018878168453778345,0.04649949549156071,0.02169153452656212,0.08491016640566676,0.07136092377945441,0.506308192418089,154.08082806855018,3.965920963075384,rock,motivational,0.43942431386263325,0.3615906890200653,0.2736139196630803,0.0028654759742817518,0.5574709822908492
spotify:track:ddvk9WbjbBepVVFWKmp4G5,Dead Planets,Stellar Collapse,Event Horizon,67.0,0.6371348250561032,0.6665674764777041,9.028853182588094,-3.3062660652263705,1.0149102792956597,0.07742696209966947,0.14015246741159265,0.1362335211822027,0.19880141725020647,0.5854932090281944,117.12624855348105,4.95614103717648,rock,motivational,0.3902707308367564,0.08107426744950974,0.42469335251371015,0.04673139088692368,0.62530797407142
spotify:track:FkkaKC7Op2x2IWgEccBkAb,Paranoid,Black Sabbath,Paranoid,45.0,0.25565158088104817,0.8687523391600614,8.832113130697616,-2.8125985805523097,-0.0022486127144612966,0.05326814881642324,0.043622151292846155,0.13698709559716568,0.1073730167890024,0.560099265194195,170.04690900251362,2.95205956649076,metal,motivational,0.48658754679928845,0.3086530739658665,0.22209790890037823,0.005725305317991959,0.5613608820900109
spotify:track:H4QOniD0NCNOJ1fUupBvep,Distant Rain,Casey Stone,The Rain Chronicles,68.0,0.5036296635455026,0.6692501839375303,3.0233394062711163,-3.8660629486272717,-0.012622443521699762,0.06490239921252712,0.0861543091546697,0.13570732373357625,0.09768297774212326,0.5632870563715051,102.27356044592734,3.963343238978844,pop,motivational,0.37697996608625983,0.10596312756602522,0.33705424496422415,0.028495521905896153,0.5771787767935119
spotify:track:F8yo9ALI8WqzWjC3UCk9my,Electric Night,Sam Voss,Your Night Sessions,63.0,0.3961418695287431,0.7035697859887649,11.051928806966544,-4.223182461927904,-0.004914219758348248,0.03808246236024013,0.10023789440236154,0.12811364131265812,0.09778552104493103,0.5592998329381766,104.23178810921156,3.9983440483719033,rock,motivational,0.3935064637638649,0.1442699530505882,0.27871345036552697,0.02971354048972762,0.553633429830523
spotify:track:ss5cuO9CTw0NZAH1w6bfcr,Dark Night,Casey Page,The Night Diaries,78.0,0.26061018810385395,0.8498592570265122,1.8808834882487462,-6.3283253702505995,0.006314017758242614,0.04035264655791709,0.06474430825573649,0.13629568762209424,0.0861356714118365,0.5216837949348443,154.96406020173828,4.011182053536547,rock,motivational,0.4433578023660981,0.3281754620916679,0.2214819808354809,0.009720758544820796,0.5418143515130476
spotify:track:I6hkcu2anh4dOFTZJAgvIR,Broken Heart,Quinn Ray,Your Heart Diaries,84.0,0.556261006755124,0.6483504110950016,2.020717366442631,-7.984177097882218,0.9913802477377133,0.06448781025207748,0.15408999060142414,0.02953260898610197,0.16524162606998027,0.5326584448625411,106.05435601973016,4.074025144922883,pop,motivational,0.3453493216998528,0.11569196623246047,0.3606520524058041,0.05418568184936587,0.5744468033000542
spotify:track:F8yo9ALI8WqzWjC3UCk9my,Electric Night,Sam Voss,Your Night Sessions,63.0,0.3910613632181426,0.7004852083227908,11.007844726095874,-4.315925476688159,-0.012572338883466292,0.03722906060678535,0.09478890872680226,0.12833390448740142,0.0996544339716248,0.5601563499740629,104.27579052559841,3.9523358406575513,rock,motivational,0.3923812375049156,0.14032885834872788,0.2739327004808552,0.028390680250618174,0.5515265114519052
spotify:track:iiFGxHDwNMYq6Fk4E9MoyF,Open Echo,Taylor Stone,The Echo EP,73.0,0.5639172498953636,0.8232665577673481,3.845963127834234,-4.933987124174679,1.0037261520402114,0.06294836850186164,0.16140669912047953,0.018443073147478378,0.16214825530439678,0.595362063998542,132.49787537102392,4.0469942502667795,pop,motivational,0.49014167705334327,0.22790449376880617,0.46425421318698545,0.028525961534972288,0.6542999678982303
spotify:track:NCAIZMx2aj9N9KCtwN4KpH,Rising Storm,Taylor Woods,Our Storm EP,70.0,0.6351599649400416,0.6886532513010998,11.048218615998247,-3.20267868455956,1.0037457143652804,0.05087584432500581,0.13448814663332814,0.07845944850484302,0.2483512034249754,0.5591110477835639,152.89826545045392,3.989783585829809,rock,motivational,0.38503364089451586,0.12954220351753587,0.43740497495225217,0.041872447192827664,0.620788383985768
track_412,Rising Night,Alex Ray,A Night Sessions,64.0,0.32484967324928044,0.8616350726960512,-4.74647020159514,-3.765162966504607,-0.016275405092334737,0.04703581470690829,0.019346414758584462,0.08351287177166683,0.06994213666559654,0.5065447336548932,154.8821324732463,4.027747183763343,rock,motivational,0.4364567084065358,0.35509033904115805,0.27990187182543225,0.002676865271663581,0.5585633172455567
track_440,B.Y.O.B.,System of a Down,Mezmerize,60.0,0.41589548247563246,0.6818862197775749,6.240117812971554,-1.0944209546990626,0.9930582493976441,0.10929911999767657,0.06262521940677608,0.13380512461928887,0.14229034454529474,0.5567255354272602,153.32636759941929,5.066201472262645,metal,motivational,0.37962347080614084,0.1251606843503147,0.28359339836787967,0.019921945282748318,0.5520247248468664
spotify:track:vjy08ymnB5zQLrTVA1jYIn,My Universe,"Coldplay, BTS",Music of the Spheres,83.0,0.5583498892925743,0.6806584402689563,1.1420197640178547,-6.0156178636210065,0.00354820978180371,0.06406331087149585,0.2558381167723091,0.03951768298027878,0.16582305016218946,0.49641968713981205,115.58673839576234,3.946398172242163,pop,motivational,0.3378922499673877,0.18423875312914423,0.38004556477022805,0.08169974324872209,0.570270373724384
spotify:track:iiFGxHDwNMYq6Fk4E9MoyF,Open Echo,Taylor Stone,The Echo EP,73.0,0.5611260143434744,0.8242668139651886,3.814332987723758,-4.994460541532898,0.9778577530169348,0.06407929467785287,0.1643723914162046,0.017447495710460257,0.1601801573439235,0.5961645814710904,131.67765460191757,4.018257289831505,pop,motivational,0.4913986801680658,0.22810223249409822,0.4625175520758804,0.028885684039730714,0.6540836810810351
track_432,Rising Night,Alex Ray,A Night Sessions,64.0,0.32510019158699455,0.8589614493974517,-4.789375324419553,-3.768324421425762,-0.0533175891219585,0.049578328546025036,0.012559773793972622,0.0842545851987729,0.07084410235587597,0.49970897228525846,152.57036678884532,3.952533199975594,rock,motivational,0.42923074311105663,0.3592524771121932,0.27924853176495407,0.001771412291797768,0.5551020812094373
spotify:track:I6hkcu2anh4dOFTZJAgvIR,Broken Heart,Quinn Ray,Your Heart Diaries,84.0,0.5558451720821171,0.6551459246862734,2.0694107465141127,-7.994069326657275,0.9890144731666123,0.06404628375326414,0.15598406365738257,0.03072377699418182,0.16273674048805079,0.5304363646304593,107.0090188228335,4.023510973620846,pop,motivational,0.34751322259304757,0.12470956005581413,0.3641596992461394,0.05379174003624413,0.5754718748827009
track_432,Rising Night,Alex Ray,A Night Sessions,64.0,0.33403793824939426,0.8593256935020658,-4.59374327951612,-3.776307356881256,-0.035060219572896095,0.05018256086509506,0.013755711657154574,0.08501755461585966,0.06758446041791158,0.4987627881554026,150.73827499316144,3.9583920190980812,rock,motivational,0.42859967882466526,0.3605629053466632,0.2870473829421609,0.0019350751977557693,0.557514204787599
spotify:track:ss5cuO9CTw0NZAH1w6bfcr,Dark Night,Casey Page,The Night Diaries,78.0,0.2567478465521915,0.8431385165809513,2.06941242022245,-6.263796924297048,0.004753999410874289,0.04120328183853281,0.06515464985936754,0.1360721234196979,0.08131371655297684,0.5216727757423397,153.61209211600612,4.117222760991328,rock,motivational,0.4398424102800636,0.32146574083861157,0.21647399847736845,0.010220255028589106,0.5386350192368787
spotify:track:ff2Ct6kqGmZns4sojXNix3,B.Y.O.B.,System of a Down,Mezmerize,60.0,0.4195140099008241,0.6856760799058869,6.519228460478286,-1.160989181556666,1.0225592534961874,0.11082933568736789,0.0652783973869822,0.1380764852978839,0.14124281656993554,0.5590785022073872,152.0866609342608,4.969552544500234,metal,motivational,0.383346755753216,0.12659757769849966,0.2876507217743965,0.020518561764137556,0.5551884278249681
spotify:track:34RApa10bO0ZbJ30uBvMpb,Fire Soul,Taylor Lane,The Soul EP,63.0,0.47926631879750176,0.7327075569530964,6.076938297332136,-7.092106884198578,0.013114230062529018,0.035666009501893796,0.1720445402195162,0.1014644377540696,0.10237149780570265,0.5009481247062303,112.27437014632903,3.9746487494007314,rock,motivational,0.3670484766137371,0.23175943224686613,0.35116205357602137,0.045986205468155746,0.5639714126076716
track_440,B.Y.O.B.,System of a Down,Mezmerize,60.0,0.4153144011875986,0.682311253782929,6.2471951215190495,-0.9971007276563112,0.9978151878379867,0.11025460931031174,0.06499485593704094,0.13169796310984877,0.1423196566182243,0.5546195074190597,153.26362591169922,5.004233302032689,metal,motivational,0.37842313147956913,0.12769174636386926,0.28337368978841676,0.020648134293197687,0.5511354994587822
spotify:track:HvL0uOYzSZnNPVOA3qRJDe,Fire River,Alex Woods,Your River Sessions,69.0,0.5372654769350746,0.918496480493574,9.128569786956,-4.029447345640551,-0.0002907714419639903,0.049938193573009645,0.15492667079359268,0.135176977331984,0.25685077530963024,0.5028833596543899,113.88703492721565,3.973479999240404,rock,motivational,0.4618965959413413,0.4156131208391841,0.49347644965556753,0.012627068935091218,0.6378819310903505
